Student_ID,Assignment_number,Problem_number,Submission_time,File_size,Methods_count,Code_lines_count,Average_method_length,if_statements_count,else_statements_count,switch_statements_count,For_loop_count,While_loop_count,Loops_count,Comments_count,primitive_variables_count,Compiled_succesfully,Execution_time,preferred_loop_type,preferred_condition_type
,3,1,2021-11-02T07:12:14,1.0645,1,26,26,1,1,0,2,0,2,1,4,TRUE,0.7771,for,if
,3,2,2021-11-02T07:12:14,0.8691,1,20,20,2,0,0,1,0,1,1,5,TRUE,0.607,for,if
,3,3,2021-11-02T07:12:14,0.748,1,19,19,1,1,0,1,0,1,1,5,TRUE,0.6411,for,if
,3,1,2021-11-02T22:20:30,0.8857,2,20,10,3,0,0,3,0,3,1,2,TRUE,0.761,for,if
,3,2,2021-11-02T22:20:30,0.7861,1,22,22,3,1,0,2,0,2,1,5,TRUE,0.635,for,if
,3,3,2021-11-02T22:20:30,0.9043,1,24,24,1,1,0,1,0,1,1,2,TRUE,0.6514,for,if
,3,1,2021-11-02T23:31:28,0.7246,1,23,23,1,0,0,1,0,1,2,2,FALSE,0,for,if
,3,2,2021-11-02T23:31:28,0.9062,1,31,31,2,1,0,1,0,1,2,4,FALSE,0,for,if
,3,3,2021-11-02T23:31:28,0.7715,1,26,26,1,1,0,1,0,1,2,2,FALSE,0,for,if
,3,1,2021-11-02T22:28:30,0.9648,1,25,25,3,1,0,1,1,2,1,4,TRUE,0.759,both,if
,3,2,2021-11-02T22:28:30,0.7236,1,21,21,2,0,0,1,0,1,1,5,TRUE,0.611,for,if
,3,3,2021-11-02T22:28:30,0.6816,1,17,17,1,0,0,1,0,1,1,4,TRUE,0.7152,for,if
,3,1,2021-11-03T00:18:19,0.459,1,15,15,1,0,0,1,0,1,0,0,TRUE,0.68,for,if
,3,2,2021-11-03T00:18:19,0.6992,1,20,20,2,0,0,1,0,1,2,2,TRUE,0.593,for,if
,3,1,2021-11-02T21:47:06,0.9795,1,24,24,1,1,0,0,2,2,1,3,TRUE,0.627,while,if
,3,2,2021-11-02T21:47:06,0.8545,1,20,20,4,0,0,2,0,2,1,4,TRUE,0.691,for,if
,3,3,2021-11-02T21:47:06,0.7988,1,19,19,1,0,0,0,1,1,1,4,TRUE,0.73,while,if
,3,1,2021-11-02T16:56:44,0.8984,1,20,20,1,1,0,1,1,2,1,3,TRUE,0.7496,both,if
,3,2,2021-11-02T16:56:44,0.9727,1,24,24,3,1,0,0,1,1,1,1,TRUE,0.6206,while,if
,3,3,2021-11-02T16:56:44,0.9551,1,17,17,1,0,0,1,0,1,1,2,TRUE,0.614,for,if
,3,1,2021-11-02T19:37:16,0.793,1,20,20,2,0,0,2,0,2,1,3,TRUE,0.743,for,if
,3,2,2021-11-02T19:37:16,0.8955,1,24,24,3,1,0,2,0,2,1,5,TRUE,0.608,for,if
,3,3,2021-11-02T19:37:16,0.7461,1,17,17,1,0,0,1,0,1,1,2,TRUE,0.871,for,if
,3,1,2021-10-31T23:31:05,1.1465,1,25,25,2,1,0,1,1,2,1,4,TRUE,0.684,both,if
,3,2,2021-10-31T23:31:05,0.8584,1,24,24,2,1,0,0,1,1,1,3,TRUE,0.7641,while,if
,3,3,2021-10-31T23:31:05,0.9062,1,18,18,1,0,0,1,0,1,1,2,TRUE,0.591,for,if
,3,1,2021-10-30T22:13:49,1.2344,2,32,16,2,0,0,0,2,2,2,3,TRUE,0.925,while,if
,3,2,2021-10-30T22:13:49,0.8799,1,23,23,2,0,0,0,1,1,3,5,TRUE,0.6702,while,if
,3,3,2021-10-30T22:13:49,0.8271,1,20,20,1,0,0,0,1,1,3,4,TRUE,0.7686,while,if
,3,1,2021-11-03T00:53:45,0.8467,1,25,25,2,2,0,2,0,2,1,4,TRUE,0.949,for,if
,3,1,2021-11-02T22:56:54,0.9688,1,23,23,2,0,0,2,0,2,1,4,TRUE,0.6701,for,if
,3,2,2021-11-02T22:56:54,0.8848,1,24,24,3,1,0,2,0,2,1,2,TRUE,0.863,for,if
,3,3,2021-11-02T22:56:54,0.8027,1,19,19,1,1,0,1,0,1,1,2,TRUE,0.7212,for,if
,3,1,2021-10-26T23:06:17,0.8545,1,16,16,1,1,0,2,0,2,1,4,TRUE,0.659,for,if
,3,2,2021-10-26T23:06:17,0.6895,1,13,13,1,0,0,1,0,1,1,4,TRUE,0.767,for,if
,3,3,2021-10-26T23:06:17,0.7861,1,17,17,1,0,0,1,0,1,1,4,TRUE,0.7545,for,if
,3,1,2021-10-28T14:23:48,1.1484,1,26,26,2,1,0,0,2,2,1,4,TRUE,0.732,while,if
,3,2,2021-10-28T14:23:48,0.9277,1,21,21,2,1,0,0,1,1,1,2,TRUE,0.5935,while,if
,3,3,2021-10-28T14:23:48,0.9658,1,22,22,1,0,0,0,1,1,1,3,TRUE,0.676,while,if
,3,1,2021-11-02T20:11:17,0.9795,1,22,22,1,1,0,2,0,2,2,4,TRUE,0.7564,for,if
,3,2,2021-11-02T20:11:17,1.0488,1,22,22,2,0,0,1,0,1,2,5,TRUE,0.6233,for,if
,3,3,2021-11-02T20:11:17,0.9639,1,19,19,1,0,0,1,0,1,2,4,TRUE,0.7682,for,if
,3,2,2021-11-02T22:37:18,0.9375,1,22,22,2,0,0,0,1,1,5,5,TRUE,0.608,while,if
,3,1,2021-11-02T22:37:18,0.9443,1,23,23,1,1,0,1,2,3,1,4,TRUE,0.7012,both,if
,3,3,2021-11-02T22:37:18,0.9658,1,19,19,1,0,0,0,1,1,5,2,TRUE,0.609,while,if
,3,1,2021-10-30T17:59:42,0.9141,2,29,15,2,0,0,0,2,2,1,3,TRUE,0.656,while,if
,3,2,2021-10-30T17:59:42,0.9365,1,24,24,3,1,0,2,0,2,1,2,TRUE,0.8792,for,if
,3,3,2021-10-30T17:59:42,0.6973,1,17,17,1,0,0,1,0,1,1,0,TRUE,0.6853,for,if
,3,2,2021-10-27T14:14:38,0.9033,1,24,24,3,1,0,2,0,2,1,2,TRUE,0.6895,for,if
,3,3,2021-10-27T14:14:38,0.7422,1,18,18,1,0,0,1,0,1,1,2,TRUE,0.61,for,if
,3,1,2021-11-02T19:55:02,1.1162,2,25,13,3,0,0,3,0,3,3,3,TRUE,0.9225,for,if
,3,2,2021-11-02T19:55:02,0.8379,1,24,24,3,1,0,2,0,2,3,2,TRUE,0.684,for,if
,3,3,2021-11-02T19:55:02,0.7842,1,19,19,1,1,0,1,0,1,3,2,TRUE,0.8761,for,if
,3,1,2021-11-02T23:58:05,1.0664,1,35,35,2,1,0,0,3,3,1,4,TRUE,0.7701,while,if
,3,2,2021-11-02T23:58:05,0.6152,1,18,18,1,0,0,0,1,1,1,0,TRUE,0.6043,while,if
,3,3,2021-11-02T23:58:05,0.7656,1,21,21,1,0,0,0,1,1,1,3,TRUE,0.914,while,if
,3,1,2021-11-06T07:56:32,1.1582,1,26,26,1,1,0,2,0,2,5,2,TRUE,0.6994,for,if
,3,2,2021-11-06T07:56:32,0.7061,1,23,23,2,1,0,1,0,1,1,0,TRUE,0.7705,for,if
,3,3,2021-11-06T07:56:32,0.6318,1,18,18,1,0,0,1,0,1,1,0,TRUE,0.7381,for,if
,3,1,2021-10-31T21:40:12,0.9668,1,26,26,3,1,0,1,1,2,1,3,TRUE,0.6479,both,if
,3,2,2021-10-31T21:40:12,0.8945,1,24,24,3,1,0,2,0,2,1,2,TRUE,0.709,for,if
,3,3,2021-10-31T21:40:12,0.8574,1,19,19,1,1,0,1,0,1,1,2,TRUE,0.777,for,if
,3,1,2021-11-02T04:30:40,0.79,1,20,20,1,1,0,2,0,2,3,2,TRUE,0.618,for,if
,3,2,2021-11-02T04:30:40,0.3477,1,16,16,1,0,0,0,1,1,0,3,TRUE,0.8208,while,if
,3,3,2021-11-02T04:30:40,0.499,1,17,17,1,0,0,1,0,1,0,4,TRUE,0.73,for,if
,3,1,2021-10-27T19:04:03,1.0498,1,22,22,2,1,0,2,0,2,1,2,TRUE,0.739,for,if
,3,2,2021-10-27T19:04:03,0.9863,1,25,25,2,1,0,1,0,1,1,6,TRUE,0.772,for,if
,3,3,2021-10-27T19:04:03,0.9189,1,19,19,1,1,0,1,0,1,1,2,TRUE,0.7852,for,if
,3,1,2021-11-02T19:10:14,0.9814,1,23,23,1,0,0,1,1,2,1,4,TRUE,0.7425,both,if
,3,2,2021-11-02T19:10:14,0.873,1,24,24,2,0,0,0,1,1,1,3,TRUE,0.721,while,if
,3,3,2021-11-02T19:10:14,0.832,1,22,22,1,0,0,0,1,1,1,4,TRUE,0.791,while,if
,3,1,2021-10-31T19:47:28,0.9678,1,22,22,3,0,0,2,0,2,3,4,TRUE,0.762,for,if
,3,2,2021-10-31T19:47:28,0.917,1,25,25,3,1,0,2,0,2,1,3,TRUE,0.6322,for,if
,3,3,2021-10-31T19:47:28,0.9004,1,19,19,1,0,0,1,0,1,2,4,TRUE,0.6752,for,if
,3,1,2021-10-25T17:19:10,1.0361,2,20,10,1,1,0,2,0,2,1,4,TRUE,0.846,for,if
,3,2,2021-10-25T17:19:10,1.1279,1,20,20,2,0,0,1,0,1,2,5,TRUE,0.729,for,if
,3,3,2021-10-25T17:19:10,0.8877,1,18,18,1,0,0,1,0,1,1,4,TRUE,0.6222,for,if
,3,1,2021-10-25T18:15:34,1.0234,1,22,22,2,1,0,2,0,2,1,4,TRUE,0.7756,for,if
,3,2,2021-10-25T18:15:34,0.8184,1,18,18,1,0,0,1,0,1,1,6,TRUE,0.7044,for,if
,3,3,2021-10-25T18:15:34,0.9473,1,19,19,1,0,0,1,0,1,1,5,TRUE,0.6535,for,if
,3,1,2021-11-01T23:00:50,0.9189,1,20,20,1,1,0,2,0,2,1,4,TRUE,0.7415,for,if
,3,2,2021-11-01T23:00:50,0.9375,1,23,23,3,1,0,2,0,2,1,5,TRUE,0.759,for,if
,3,3,2021-11-01T23:00:50,0.8008,1,18,18,1,0,0,1,0,1,1,4,TRUE,0.733,for,if
,3,1,2021-11-02T20:52:53,1.2666,1,25,25,2,1,0,0,2,2,1,0,TRUE,0.654,while,if
,3,2,2021-11-02T20:52:53,1.2031,1,31,31,4,0,0,0,2,2,1,0,TRUE,0.652,while,if
,3,3,2021-11-02T20:52:53,0.9736,1,18,18,1,0,0,0,1,1,1,0,TRUE,0.7232,while,if
,3,1,2021-10-27T10:02:48,1.2021,1,20,20,1,1,0,0,2,2,1,3,TRUE,0.816,while,if
,3,2,2021-10-27T10:02:48,1.0938,2,21,11,2,0,0,0,1,1,1,4,TRUE,0.7287,while,if
,3,3,2021-10-27T10:02:48,1.0107,1,19,19,1,0,0,0,1,1,1,4,TRUE,0.622,while,if
,3,1,2021-10-26T12:21:30,1.2354,1,28,28,3,3,0,1,1,2,1,4,TRUE,0.741,both,if
,3,2,2021-10-26T12:21:30,0.9551,1,24,24,3,1,0,0,2,2,1,3,TRUE,0.619,while,if
,3,3,2021-10-26T12:21:30,0.8262,1,17,17,1,0,0,1,0,1,1,4,TRUE,0.938,for,if
,3,1,2021-11-01T23:03:37,1.0225,1,26,26,3,1,0,0,2,2,1,4,TRUE,0.687,while,if
,3,2,2021-11-01T23:03:37,1.4326,3,34,12,5,0,0,0,2,2,1,3,TRUE,0.783,while,if
,3,3,2021-11-01T23:03:37,0.9199,1,19,19,2,0,0,1,0,1,1,4,TRUE,0.893,for,if
,3,1,2021-11-02T22:06:05,1.083,1,23,23,2,2,0,2,0,2,1,4,TRUE,0.666,for,if
,3,2,2021-11-02T22:06:05,0.833,1,18,18,1,0,0,0,1,1,1,5,TRUE,0.606,while,if
,3,3,2021-11-02T22:06:05,0.917,1,19,19,1,0,0,0,1,1,1,4,TRUE,0.722,while,if
,3,1,2021-10-27T22:56:37,2.2295,1,32,32,2,2,0,2,0,2,4,4,TRUE,0.651,for,if
,3,2,2021-10-27T22:56:37,2.2129,1,38,38,2,0,0,1,1,2,4,10,TRUE,0.752,both,if
,3,3,2021-10-27T22:56:37,2.751,1,47,47,2,0,0,1,1,2,4,10,TRUE,0.6692,both,if
,3,1,2021-11-02T22:30:46,1.1572,1,20,20,1,1,0,0,2,2,1,3,TRUE,0.7241,while,if
,3,2,2021-11-02T22:30:46,1.3066,2,22,11,4,0,0,2,0,2,1,5,TRUE,0.6201,for,if
,3,1,2021-10-30T15:02:59,0.9678,1,22,22,2,1,0,0,2,2,1,0,TRUE,0.656,while,if
,3,2,2021-10-30T15:02:59,0.9453,1,23,23,3,1,0,0,2,2,1,0,TRUE,0.628,while,if
,3,3,2021-10-30T15:02:59,0.7891,1,16,16,1,0,0,1,0,1,1,1,TRUE,0.712,for,if
,3,1,2021-11-02T15:37:13,1.1406,1,26,26,3,1,0,1,1,2,1,4,TRUE,0.623,both,if
,3,2,2021-11-02T15:37:13,0.9688,1,22,22,2,0,0,1,0,1,1,5,TRUE,0.749,for,if
,3,3,2021-11-02T15:37:13,0.7627,1,18,18,1,0,0,1,0,1,1,4,TRUE,0.668,for,if
,3,1,2021-11-02T20:59:23,1.0596,1,23,23,2,1,0,2,0,2,1,4,TRUE,0.625,for,if
,3,2,2021-11-02T20:59:23,0.8428,1,20,20,2,0,0,1,0,1,1,5,TRUE,0.607,for,if
,3,3,2021-11-02T20:59:23,0.8369,1,17,17,1,0,0,1,0,1,1,1,TRUE,0.611,for,if
,3,3,2021-11-02T15:52:58,0.8359,1,16,16,1,0,0,1,0,1,1,0,TRUE,0.644,for,if
,3,1,2021-11-02T15:52:58,1.4658,1,24,24,2,2,0,2,0,2,7,0,TRUE,0.789,for,if
,3,2,2021-11-02T15:52:58,0.8027,1,22,22,3,0,0,0,1,1,1,0,TRUE,0.749,while,if
,3,1,2021-11-02T18:59:58,0.9766,1,20,20,1,1,0,2,0,2,1,4,TRUE,0.64,for,if
,3,2,2021-11-02T18:59:58,0.9004,1,19,19,1,0,0,0,1,1,1,5,TRUE,0.707,while,if
,3,3,2021-11-02T18:59:58,0.7939,1,18,18,1,0,0,1,0,1,1,4,TRUE,0.8141,for,if
,3,1,2021-10-30T07:57:24,0.8223,1,20,20,2,1,0,2,0,2,1,4,TRUE,0.7799,for,if
,3,2,2021-10-30T07:57:24,0.8877,1,23,23,3,1,0,2,0,2,1,5,TRUE,0.6203,for,if
,3,3,2021-10-30T07:57:24,0.7715,1,19,19,1,0,0,1,0,1,1,2,TRUE,0.847,for,if
,3,1,2021-11-02T21:33:49,0.9277,1,21,21,2,2,0,2,0,2,2,4,TRUE,0.719,for,if
,3,2,2021-11-02T21:33:49,0.9092,1,24,24,3,1,0,2,0,2,2,2,TRUE,0.643,for,if
,3,3,2021-11-02T21:33:49,0.9355,1,24,24,1,1,0,1,0,1,2,2,TRUE,0.8181,for,if
,3,1,2021-10-27T19:56:19,1.5566,1,25,25,2,1,0,1,1,2,9,4,TRUE,0.763,both,if
,3,2,2021-10-27T19:56:19,1.1572,1,24,24,2,1,0,0,1,1,6,3,TRUE,0.617,while,if
,3,3,2021-10-27T19:56:19,0.9375,1,18,18,1,0,0,1,0,1,1,2,TRUE,0.601,for,if
,3,1,2021-11-02T20:47:17,1.3008,1,27,27,2,1,0,0,2,2,1,4,TRUE,0.642,while,if
,3,2,2021-11-02T20:47:17,0.8838,1,21,21,2,0,0,0,1,1,1,4,TRUE,0.898,while,if
,3,3,2021-11-02T20:47:17,0.9033,1,19,19,1,0,0,0,1,1,1,4,TRUE,0.6594,while,if
,3,1,2021-10-26T23:03:01,0.8857,1,19,19,1,1,0,2,0,2,1,4,TRUE,0.6522,for,if
,3,2,2021-10-26T23:03:01,0.7891,1,17,17,1,0,0,1,0,1,1,6,TRUE,0.7232,for,if
,3,3,2021-10-26T23:03:01,0.8613,1,20,20,1,1,0,1,0,1,1,4,TRUE,0.692,for,if
,3,1,2021-10-27T17:57:27,0.8994,1,18,18,1,0,0,2,0,2,1,4,TRUE,0.641,for,if
,3,2,2021-10-27T17:57:27,0.9346,1,23,23,3,1,0,2,0,2,4,2,TRUE,0.6341,for,if
,3,1,2021-10-29T01:01:54,1.0342,1,20,20,1,1,0,0,2,2,1,3,TRUE,0.924,while,if
,3,2,2021-10-29T01:01:54,1.0771,1,25,25,3,1,0,2,0,2,1,2,TRUE,0.698,for,if
,3,3,2021-10-29T01:01:54,1.0234,1,20,20,1,1,0,1,0,1,1,2,TRUE,0.6552,for,if
,3,1,2021-10-31T23:35:48,1.0342,1,21,21,2,2,0,2,0,2,1,4,TRUE,0.792,for,if
,3,2,2021-10-31T23:35:48,0.7451,1,17,17,1,0,0,1,0,1,1,4,TRUE,0.6056,for,if
,3,3,2021-10-31T23:35:48,0.8457,1,23,23,1,1,0,1,0,1,1,2,TRUE,0.7092,for,if
,3,1,2021-10-30T10:42:07,0.9004,2,30,15,2,0,0,0,2,2,1,3,TRUE,0.813,while,if
,3,2,2021-10-30T10:42:07,0.7246,1,22,22,3,1,0,2,0,2,1,5,TRUE,2.3526,for,if
,3,3,2021-10-30T10:42:07,0.6191,1,17,17,1,0,0,1,0,1,1,1,TRUE,0.6251,for,if
,3,1,2021-11-02T22:40:26,1.1279,1,22,22,2,2,0,2,0,2,1,4,TRUE,0.611,for,if
,3,2,2021-11-02T22:40:26,0.8447,1,19,19,2,0,0,1,0,1,1,5,TRUE,0.642,for,if
,3,3,2021-11-02T22:40:26,0.9141,1,19,19,1,1,0,1,0,1,1,4,TRUE,0.627,for,if
,3,1,2021-10-26T21:36:55,1.0625,1,23,23,1,1,0,1,1,2,1,4,TRUE,0.759,both,if
,3,2,2021-10-26T21:36:55,0.9697,1,25,25,3,1,0,2,0,2,1,5,TRUE,0.622,for,if
,3,3,2021-10-26T21:36:55,0.8672,1,21,21,1,0,0,0,1,1,1,4,TRUE,0.624,while,if
,3,1,2021-10-30T18:15:53,1.3096,1,26,26,2,2,0,2,0,2,1,4,TRUE,0.911,for,if
,3,2,2021-10-30T18:15:53,0.793,1,16,16,1,0,0,1,0,1,1,4,TRUE,0.7026,for,if
,3,3,2021-10-30T18:15:53,0.8857,1,19,19,1,0,0,1,0,1,1,4,TRUE,0.644,for,if
,3,1,2021-11-01T21:12:44,0.959,1,23,23,2,1,0,0,2,2,1,4,TRUE,0.823,while,if
,3,2,2021-11-01T21:12:44,1.1602,1,22,22,3,1,0,2,0,2,3,2,TRUE,0.718,for,if
,3,3,2021-11-01T21:12:44,0.915,1,17,17,1,0,0,1,0,1,1,2,TRUE,0.615,for,if
,3,1,2021-11-02T04:26:50,0.8662,1,19,19,1,0,0,2,0,2,1,4,TRUE,0.738,for,if
,3,2,2021-11-02T04:26:50,0.7959,1,20,20,1,1,0,0,1,1,1,3,TRUE,0.726,while,if
,3,3,2021-11-02T04:26:50,0.9648,1,28,28,1,1,0,1,0,1,1,5,TRUE,0.8466,for,if
,3,1,2021-10-30T16:28:23,0.79,1,18,18,1,0,0,2,0,2,1,2,TRUE,0.657,for,if
,3,2,2021-10-30T16:28:23,0.793,1,18,18,1,0,0,1,0,1,1,3,TRUE,0.6867,for,if
,3,3,2021-10-30T16:28:23,0.8535,1,19,19,1,1,0,1,0,1,1,2,TRUE,0.833,for,if
,3,1,2021-10-27T23:04:26,1.1143,1,21,21,1,1,0,1,1,2,3,4,TRUE,0.7506,both,if
,3,2,2021-10-27T23:04:26,1.0762,1,24,24,4,0,0,2,0,2,3,5,TRUE,0.6099,for,if
,3,3,2021-10-27T23:04:26,0.915,1,18,18,1,0,0,1,0,1,3,4,TRUE,0.686,for,if
,3,1,2021-11-02T20:51:48,1.0537,1,20,20,1,0,0,3,0,3,1,4,TRUE,0.7901,for,if
,3,3,2021-11-02T20:51:48,0.8232,1,22,22,2,0,0,1,0,1,2,4,TRUE,0.7471,for,if
,3,1,2021-10-26T21:59:55,1.1475,1,23,23,2,2,0,1,1,2,1,4,TRUE,0.6682,both,if
,3,2,2021-10-26T21:59:55,0.7998,1,21,21,4,0,0,0,2,2,1,3,TRUE,0.659,while,if
,3,3,2021-10-26T21:59:55,0.6973,1,17,17,1,0,0,1,0,1,1,2,TRUE,0.593,for,if
,3,1,2021-11-01T19:24:20,1.2734,1,23,23,2,0,0,1,1,2,4,2,TRUE,0.944,both,if
,3,2,2021-11-01T19:24:20,1.2168,1,25,25,3,0,0,0,1,1,4,4,TRUE,0.624,while,if
,3,3,2021-11-01T19:24:20,1.1465,1,22,22,1,0,0,0,1,1,4,2,TRUE,0.8152,while,if
,3,1,2021-11-04T21:34:25,0.9111,1,21,21,2,1,0,2,0,2,3,0,TRUE,0.717,for,if
,3,3,2021-11-04T21:34:25,0.791,1,18,18,2,1,0,1,0,1,4,2,TRUE,0.813,for,if
,3,1,2021-10-31T17:40:41,0.9629,1,22,22,1,0,0,0,2,2,1,1,TRUE,1.058,while,if
,3,2,2021-10-31T17:40:41,1.1768,3,36,12,5,2,0,0,2,2,1,0,TRUE,0.869,while,if
,3,3,2021-10-31T17:40:41,1.0225,1,22,22,1,1,0,0,1,1,1,0,TRUE,0.6871,while,if
,3,1,2021-11-02T19:01:25,1.1455,1,28,28,2,2,0,1,1,2,2,4,TRUE,0.671,both,if
,3,2,2021-11-02T19:01:25,0.9199,1,21,21,2,0,0,1,0,1,2,5,TRUE,0.665,for,if
,3,3,2021-11-02T19:01:25,0.8096,1,18,18,1,0,0,1,0,1,2,4,TRUE,0.7541,for,if
,3,1,2021-10-30T21:24:09,0.916,1,19,19,1,1,0,2,0,2,1,4,TRUE,0.668,for,if
,3,2,2021-10-30T21:24:09,0.8818,1,21,21,4,0,0,2,0,2,2,3,TRUE,0.826,for,if
,3,3,2021-10-30T21:24:09,0.8096,1,19,19,1,0,0,1,0,1,1,4,TRUE,0.7611,for,if
,3,1,2021-11-01T23:11:47,1.0625,1,23,23,3,1,0,0,2,2,1,4,TRUE,0.7222,while,if
,3,2,2021-11-01T23:11:47,1.1113,1,29,29,5,1,0,0,2,2,1,3,TRUE,0.651,while,if
,3,3,2021-11-01T23:11:47,0.7949,1,17,17,1,0,0,1,0,1,1,4,TRUE,0.7701,for,if
,3,1,2021-11-02T21:43:01,0.9375,1,22,22,2,2,0,2,0,2,1,0,TRUE,0.8001,for,if
,3,2,2021-11-02T21:43:01,1.0381,1,23,23,3,1,0,2,0,2,1,5,TRUE,0.7966,for,if
,3,3,2021-11-02T21:43:01,0.9287,1,20,20,1,1,0,1,0,1,1,2,TRUE,0.659,for,if
,3,1,2021-11-02T21:51:26,0.8584,1,22,22,2,2,0,1,1,2,1,4,TRUE,0.8288,both,if
,3,2,2021-11-02T21:51:26,0.7529,1,24,24,2,1,0,1,0,1,1,5,TRUE,0.7325,for,if
,3,3,2021-11-02T21:51:26,0.8018,1,23,23,1,1,0,0,1,1,1,5,TRUE,0.946,while,if
,3,1,2021-11-02T07:24:27,1.2549,1,33,33,2,1,0,2,1,3,1,6,TRUE,0.9615,both,if
,3,2,2021-11-02T07:24:27,0.9004,1,22,22,2,0,0,1,0,1,1,6,TRUE,0.7583,for,if
,3,3,2021-11-02T07:24:27,0.7812,1,17,17,1,0,0,1,0,1,1,4,TRUE,0.706,for,if
,3,1,2021-10-27T21:46:15,0.9951,1,23,23,1,1,0,1,1,2,1,4,TRUE,0.926,both,if
,3,2,2021-10-27T21:46:15,0.9023,1,20,20,2,0,0,1,0,1,1,5,TRUE,0.8263,for,if
,3,3,2021-10-27T21:46:15,0.7783,1,18,18,1,0,0,0,1,1,1,4,TRUE,0.753,while,if
,3,1,2021-10-25T04:17:48,1.1582,1,27,27,2,2,0,0,2,2,4,3,TRUE,0.8745,while,if
,3,2,2021-10-25T04:17:48,1.2334,1,28,28,3,0,0,0,1,1,9,3,TRUE,0.838,while,if
,3,3,2021-10-25T04:17:48,1.0977,1,21,21,1,0,0,0,1,1,5,4,TRUE,0.719,while,if
,3,1,2021-10-30T14:36:41,1.0576,1,18,18,2,1,0,2,0,2,3,4,TRUE,0.699,for,if
,3,2,2021-10-30T14:36:41,0.9922,1,21,21,2,0,0,0,1,1,4,3,TRUE,0.873,while,if
,3,3,2021-10-30T14:36:41,0.8545,1,17,17,1,0,0,1,0,1,1,3,TRUE,0.7915,for,if
,3,1,2021-10-30T22:13:49,1.0186,1,24,24,1,1,0,0,2,2,2,0,TRUE,0.826,while,if
,3,2,2021-10-30T22:13:49,2.9902,2,103,52,12,9,0,0,12,12,1,5,TRUE,0.6816,while,if
,3,3,2021-10-30T22:13:49,0.9307,1,20,20,1,1,0,1,0,1,1,1,TRUE,0.737,for,if
,3,1,2021-10-28T20:49:10,1.3789,1,26,26,2,2,0,0,2,2,1,0,TRUE,0.8643,while,if
,3,2,2021-10-28T20:49:10,1.1162,1,30,30,3,1,0,0,2,2,1,4,TRUE,0.778,while,if
,3,3,2021-10-28T20:49:10,1.0723,1,25,25,1,1,0,0,1,1,2,4,TRUE,0.6371,while,if
,3,1,2021-11-01T09:32:12,1,2,32,16,2,0,0,0,2,2,1,3,TRUE,0.959,while,if
,3,2,2021-11-01T09:32:12,0.6943,1,21,21,3,1,0,2,0,2,1,2,TRUE,0.733,for,if
,3,3,2021-11-01T09:32:12,0.8057,1,25,25,1,1,0,1,0,1,1,2,TRUE,0.6568,for,if
,3,1,2021-10-28T20:55:35,0.9883,1,28,28,2,2,0,0,2,2,1,4,TRUE,0.8451,while,if
,3,2,2021-10-28T20:55:35,0.9062,1,22,22,3,1,0,0,2,2,1,3,TRUE,0.6913,while,if
,3,3,2021-10-28T20:55:35,0.8203,1,18,18,1,1,0,0,1,1,1,1,TRUE,0.6761,while,if
,3,3,2021-11-01T19:35:34,0.8916,1,20,20,1,0,0,1,0,1,4,3,TRUE,0.819,for,if
,3,1,2021-11-01T19:35:34,1.0479,2,24,12,2,0,0,2,0,2,6,1,TRUE,0.8773,for,if
,3,2,2021-11-01T19:35:34,1.0801,1,25,25,3,0,0,0,1,1,5,4,TRUE,0.7893,while,if
,3,2,2021-11-02T17:55:12,0.6729,1,19,19,2,0,0,1,0,1,1,5,TRUE,0.655,for,if
,3,3,2021-11-02T17:55:12,0.5967,1,18,18,1,0,0,1,0,1,1,4,TRUE,0.675,for,if
,3,1,2021-10-30T19:16:16,1.043,1,24,24,2,2,0,2,0,2,1,4,TRUE,0.8601,for,if
,3,2,2021-10-30T19:16:16,0.9121,1,25,25,1,1,0,0,2,2,1,3,TRUE,0.766,while,if
,3,3,2021-10-30T19:16:16,0.7998,1,18,18,1,0,0,1,0,1,1,4,TRUE,0.6672,for,if
,3,1,2021-11-02T20:59:44,1.1113,1,23,23,2,2,0,1,1,2,1,4,TRUE,0.95,both,if
,3,2,2021-11-02T20:59:44,0.9648,1,23,23,3,1,0,2,0,2,1,2,TRUE,0.759,for,if
,3,3,2021-11-02T20:59:44,0.7188,1,18,18,1,1,0,1,0,1,1,2,TRUE,0.6975,for,if
,3,1,2021-10-26T19:17:41,1.0371,1,23,23,1,0,0,2,1,3,1,4,TRUE,0.8473,both,if
,3,2,2021-10-26T19:17:41,0.8984,1,21,21,2,0,0,1,0,1,1,5,TRUE,0.657,for,if
,3,3,2021-10-26T19:17:41,0.9092,1,19,19,1,0,0,1,0,1,1,4,TRUE,0.665,for,if
,3,1,2021-11-01T21:34:43,1.1006,1,27,27,3,1,0,0,2,2,1,4,TRUE,0.746,while,if
,3,2,2021-11-01T21:34:43,0.9785,1,23,23,2,1,0,1,0,1,4,6,TRUE,0.7841,for,if
,3,3,2021-11-01T21:34:43,0.8516,1,19,19,1,0,0,0,1,1,3,4,TRUE,0.7905,while,if
,3,1,2021-10-30T17:30:18,1.0781,1,17,17,1,1,0,2,0,2,4,4,TRUE,0.7043,for,if
,3,2,2021-10-30T17:30:18,0.9561,1,15,15,1,0,0,1,0,1,4,4,TRUE,0.646,for,if
,3,3,2021-10-30T17:30:18,1.0479,1,18,18,1,0,0,1,0,1,4,4,TRUE,0.825,for,if
,3,1,2021-11-02T19:36:40,1.4609,1,23,23,2,2,0,2,0,2,7,0,TRUE,0.8224,for,if
,3,2,2021-11-02T19:36:40,0.7998,1,22,22,3,0,0,0,1,1,1,0,TRUE,0.66,while,if
,3,1,2021-10-27T23:22:21,1.0586,1,20,20,1,1,0,1,1,2,1,2,TRUE,0.945,both,if
,3,2,2021-10-27T23:22:21,0.9248,1,18,18,2,0,0,1,0,1,1,3,TRUE,0.744,for,if
,3,3,2021-10-27T23:22:21,0.8936,1,15,15,1,0,0,1,0,1,1,2,TRUE,0.7023,for,if
,3,1,2021-10-25T18:51:57,0.7998,1,20,20,1,1,0,1,1,2,1,0,TRUE,0.8246,both,if
,3,2,2021-10-25T18:51:57,0.8154,1,26,26,4,0,0,0,1,1,1,4,TRUE,0.682,while,if
,3,3,2021-10-25T18:51:57,0.6777,1,17,17,1,0,0,0,1,1,1,1,TRUE,0.702,while,if
,3,1,2021-10-25T18:35:28,1.0176,1,22,22,2,1,0,2,0,2,2,4,TRUE,0.873,for,if
,3,2,2021-10-25T18:35:28,1.0986,1,23,23,2,0,0,0,1,1,3,4,TRUE,0.761,while,if
,3,3,2021-10-25T18:35:28,1.0361,1,17,17,1,0,0,1,0,1,3,4,TRUE,0.6542,for,if
,3,1,2021-11-01T18:00:35,1.0635,1,25,25,3,0,0,1,1,2,1,4,TRUE,0.8341,both,if
,3,2,2021-11-01T18:00:35,0.9287,1,23,23,3,1,0,2,0,2,1,5,TRUE,0.719,for,if
,3,3,2021-11-01T18:00:35,0.9219,1,21,21,1,0,0,1,0,1,1,4,TRUE,0.64,for,if
,3,1,2021-11-02T01:10:49,1.1221,1,22,22,2,2,0,2,0,2,1,4,TRUE,0.6941,for,if
,3,2,2021-11-02T01:10:49,0.792,1,11,11,1,0,0,1,0,1,1,2,TRUE,0.768,for,if
,3,3,2021-11-02T01:10:49,0.8936,1,17,17,1,0,0,1,0,1,1,3,TRUE,0.873,for,if
,3,1,2021-11-01T17:27:16,1.9033,1,25,25,2,2,0,2,0,2,2,4,TRUE,0.8112,for,if
,3,2,2021-11-01T17:27:16,1.3613,1,20,20,1,0,0,0,1,1,2,5,TRUE,0.6961,while,if
,3,3,2021-11-01T17:27:16,1.3066,1,16,16,1,0,0,1,0,1,2,3,TRUE,0.873,for,if
,3,1,2021-11-01T22:00:14,0.9961,1,31,31,3,2,0,1,2,3,1,3,TRUE,0.8101,both,if
,3,2,2021-11-01T22:00:14,0.583,1,16,16,1,0,0,1,0,1,1,0,TRUE,4.8023,for,if
,3,3,2021-11-01T22:00:14,0.6191,1,19,19,1,0,0,1,0,1,1,4,TRUE,0.6787,for,if
,3,1,2021-10-30T19:40:29,0.9238,1,17,17,1,0,0,3,0,3,1,3,TRUE,0.67,for,if
,3,2,2021-10-30T19:40:29,0.8037,1,18,18,1,0,0,1,0,1,1,6,TRUE,0.9206,for,if
,3,3,2021-10-30T19:40:29,0.8408,1,20,20,1,0,0,1,0,1,1,4,TRUE,0.701,for,if
,3,1,2021-11-02T20:43:34,0.9805,1,21,21,2,1,0,2,0,2,6,2,TRUE,1,for,if
,3,2,2021-11-02T20:43:34,1.1436,1,24,24,3,1,0,2,0,2,7,2,TRUE,0.731,for,if
,3,3,2021-11-02T20:43:34,0.873,1,18,18,1,0,0,1,0,1,6,2,TRUE,0.8477,for,if
,3,1,2021-10-26T19:08:14,1.1445,1,22,22,2,2,0,2,0,2,2,4,TRUE,0.797,for,if
,3,2,2021-10-26T19:08:14,1.0781,1,23,23,4,1,0,1,0,1,2,6,TRUE,0.804,for,if
,3,3,2021-10-26T19:08:14,0.8857,1,18,18,1,0,0,1,0,1,2,4,TRUE,0.803,for,if
,3,1,2021-11-02T14:07:35,1.0869,1,19,19,2,2,0,2,0,2,1,4,TRUE,0.676,for,if
,3,2,2021-11-02T14:07:35,0.8301,1,21,21,2,0,0,0,1,1,1,4,TRUE,0.809,while,if
,3,3,2021-11-02T14:07:35,0.8604,1,20,20,1,0,0,1,0,1,1,5,TRUE,0.771,for,if
,3,1,2021-10-29T17:51:33,0.8711,1,21,21,2,0,0,1,1,2,1,2,TRUE,0.683,both,if
,3,2,2021-10-29T17:51:33,0.8457,1,23,23,3,1,0,2,0,2,1,2,TRUE,0.9266,for,if
,3,3,2021-10-29T17:51:33,0.6768,1,16,16,1,1,0,1,0,1,1,0,TRUE,0.763,for,if
,3,1,2021-10-28T01:06:39,0.7783,1,14,14,1,1,0,1,0,1,1,2,TRUE,0.897,for,if
,3,2,2021-10-28T01:06:39,0.8662,1,23,23,3,1,0,2,0,2,1,2,TRUE,0.767,for,if
,3,3,2021-10-28T01:06:39,0.8301,1,19,19,1,1,0,1,0,1,1,2,TRUE,0.86,for,if
,3,1,2021-11-02T15:19:15,0.9062,1,21,21,2,1,0,2,0,2,1,4,TRUE,0.78,for,if
,3,2,2021-11-02T15:19:15,0.8486,1,22,22,2,0,0,0,1,1,1,4,TRUE,0.75,while,if
,3,3,2021-11-02T15:19:15,0.71,1,16,16,1,0,0,1,0,1,1,2,TRUE,0.641,for,if
,3,1,2021-10-27T21:33:21,1.0215,1,23,23,2,1,0,1,1,2,1,3,TRUE,0.763,both,if
,3,2,2021-10-27T21:33:21,0.9766,1,24,24,3,1,0,2,0,2,1,2,TRUE,0.7915,for,if
,3,3,2021-10-27T21:33:21,0.9072,1,19,19,1,1,0,1,0,1,1,2,TRUE,0.687,for,if
,3,1,2021-11-01T18:09:55,0.5479,1,17,17,2,0,0,2,0,2,0,4,TRUE,0.701,for,if
,3,2,2021-11-01T18:09:55,0.8223,1,25,25,3,1,0,2,0,2,1,0,TRUE,0.688,for,if
,3,3,2021-11-01T18:09:55,0.9521,1,22,22,1,1,0,1,0,1,1,4,TRUE,0.7896,for,if
,3,1,2021-11-02T22:07:34,1.1992,1,20,20,1,1,0,2,0,2,1,4,TRUE,0.801,for,if
,3,2,2021-11-02T22:07:34,1.0986,1,26,26,4,0,0,0,1,1,1,4,TRUE,0.6781,while,if
,3,3,2021-11-02T22:07:34,1.1357,1,22,22,1,0,0,2,0,2,1,4,TRUE,0.643,for,if
,3,1,2021-10-26T20:05:05,0.96,1,24,24,2,2,0,2,0,2,1,4,TRUE,0.999,for,if
,3,2,2021-10-26T20:05:05,0.915,1,22,22,3,1,0,2,0,2,1,5,TRUE,0.7006,for,if
,3,3,2021-10-26T20:05:05,0.7686,1,17,17,1,1,0,1,0,1,1,2,TRUE,0.833,for,if
,3,1,2021-11-01T18:43:31,1.0596,1,21,21,2,1,0,2,0,2,4,4,TRUE,0.689,for,if
,3,2,2021-11-01T18:43:31,0.9902,1,29,29,4,0,0,0,2,2,1,0,TRUE,0.6491,while,if
,3,3,2021-11-01T18:43:31,0.8643,1,17,17,1,0,0,1,0,1,4,4,TRUE,0.7771,for,if
,3,1,2021-11-02T20:44:58,0.9844,1,21,21,2,1,0,2,0,2,1,4,TRUE,0.6892,for,if
,3,2,2021-11-02T20:44:58,0.8574,1,22,22,2,0,0,0,1,1,1,4,TRUE,0.659,while,if
,3,3,2021-11-02T20:44:58,0.8438,1,18,18,1,0,0,1,0,1,1,4,TRUE,0.684,for,if
,3,2,2021-11-02T17:48:18,0.6572,2,22,11,3,1,0,2,0,2,3,2,TRUE,0.662,for,if
,3,3,2021-11-02T17:48:18,0.752,1,23,23,1,1,0,1,0,1,3,4,TRUE,0.79,for,if
,3,1,2021-11-02T17:48:18,0.6631,1,21,21,3,0,0,2,0,2,2,4,TRUE,0.8837,for,if
,3,1,2021-11-02T22:12:05,0.917,1,23,23,1,1,0,2,1,3,2,2,TRUE,0.7731,both,if
,3,2,2021-11-02T22:12:05,0.9551,1,24,24,3,1,0,2,0,2,2,2,TRUE,0.6652,for,if
,3,3,2021-11-02T22:12:05,0.8242,1,18,18,1,0,0,1,0,1,2,2,TRUE,0.7319,for,if
,3,1,2021-10-31T10:43:55,1.124,1,24,24,2,2,0,1,1,2,1,4,TRUE,0.686,both,if
,3,2,2021-10-31T10:43:55,0.9102,1,23,23,2,0,0,0,1,1,1,4,TRUE,0.729,while,if
,3,3,2021-10-31T10:43:55,0.8936,1,20,20,1,0,0,0,1,1,1,4,TRUE,0.656,while,if
,3,1,2021-10-28T00:30:21,1.5381,2,24,12,3,0,0,1,1,2,7,3,TRUE,0.729,both,if
,3,2,2021-10-28T00:30:21,1.6406,4,34,9,8,0,0,0,1,1,8,4,TRUE,0.6821,while,if
,3,3,2021-10-28T00:30:21,1.1338,1,23,23,1,0,0,0,1,1,4,5,TRUE,0.6477,while,if
,3,1,2021-11-02T21:27:34,1.082,1,20,20,2,1,0,2,0,2,5,4,TRUE,0.7883,for,if
,3,2,2021-11-02T21:27:34,0.9814,1,21,21,3,1,0,2,0,2,5,4,TRUE,0.642,for,if
,3,3,2021-11-02T21:27:34,0.8672,1,17,17,1,0,0,1,0,1,4,4,TRUE,0.792,for,if
,3,1,2021-11-01T18:06:00,1.1162,1,21,21,2,1,0,2,0,2,1,4,TRUE,0.8135,for,if
,3,2,2021-11-01T18:06:00,0.9277,1,22,22,2,0,0,1,0,1,1,1,TRUE,2.7135,for,if
,3,3,2021-11-01T18:06:00,0.9697,1,23,23,1,1,0,1,0,1,1,2,TRUE,0.7702,for,if
,3,1,2021-11-02T19:53:16,0.7686,1,19,19,1,1,0,2,0,2,1,2,TRUE,0.8593,for,if
,3,2,2021-11-02T19:53:16,0.8574,1,23,23,3,1,0,2,0,2,1,2,TRUE,0.781,for,if
,3,3,2021-11-02T19:53:16,0.6621,1,17,17,1,1,0,1,0,1,1,2,TRUE,0.823,for,if
,3,1,2021-11-01T20:40:35,1.0264,1,21,21,2,1,0,2,0,2,1,4,TRUE,0.9041,for,if
,3,2,2021-11-01T20:40:35,0.7949,1,16,16,1,0,0,0,1,1,1,3,TRUE,0.75,while,if
,3,3,2021-11-01T20:40:35,0.835,1,17,17,1,0,0,0,1,1,1,1,TRUE,0.7108,while,if
,3,1,2021-10-29T01:42:13,1.1006,1,22,22,2,0,0,1,1,2,1,4,TRUE,0.9054,both,if
,3,2,2021-10-29T01:42:13,0.8486,1,18,18,1,0,0,1,0,1,1,4,TRUE,0.7473,for,if
,3,3,2021-10-29T01:42:13,1.0439,1,21,21,2,0,0,0,1,1,1,4,TRUE,0.7452,while,if
,3,1,2021-11-01T22:56:54,0.8887,1,36,36,4,2,0,0,2,2,1,3,TRUE,0.864,while,if
,3,2,2021-11-01T22:56:54,0.7949,1,17,17,1,0,0,1,0,1,1,2,TRUE,0.7957,for,if
,3,3,2021-11-01T22:56:54,0.9365,1,20,20,1,0,1,1,0,1,1,1,TRUE,0.6747,for,both
,3,1,2021-11-01T23:48:57,1.0469,1,22,22,1,0,0,1,1,2,2,4,TRUE,0.685,both,if
,3,2,2021-11-01T23:48:57,1.1016,1,29,29,4,0,0,2,0,2,2,6,TRUE,0.6485,for,if
,3,3,2021-11-01T23:48:57,1.002,1,22,22,1,0,0,1,0,1,2,2,TRUE,0.8341,for,if
,3,1,2021-10-25T21:36:47,1.168,1,20,20,2,0,0,3,0,3,7,4,TRUE,0.893,for,if
,3,2,2021-10-25T21:36:47,1.6895,2,36,18,8,1,0,0,2,2,7,5,TRUE,0.7483,while,if
,3,3,2021-10-25T21:36:47,0.8232,1,18,18,1,0,0,1,0,1,1,4,TRUE,0.809,for,if
,3,2,2021-11-02T23:54:33,1.0078,1,27,27,3,1,0,0,2,2,1,5,TRUE,0.807,while,if
,3,3,2021-11-02T23:54:33,0.7637,1,18,18,1,1,0,1,0,1,1,2,TRUE,0.752,for,if
,3,1,2021-11-01T23:00:21,0.7012,1,13,13,0,0,0,1,0,1,1,2,TRUE,0.688,for,
,3,2,2021-11-01T23:00:21,0.8281,1,25,25,3,1,0,2,0,2,1,3,TRUE,0.7884,for,if
,3,3,2021-11-01T23:00:21,0.7236,1,18,18,1,0,0,1,0,1,1,4,TRUE,0.651,for,if
,3,1,2021-11-01T07:06:25,0.9209,1,20,20,1,0,0,0,2,2,1,1,TRUE,0.943,while,if
,3,2,2021-11-01T07:06:25,0.8682,1,21,21,3,0,0,0,1,1,1,1,TRUE,0.7519,while,if
,3,3,2021-11-01T07:06:25,0.7754,1,18,18,1,0,0,0,1,1,1,0,TRUE,0.76,while,if
,3,1,2021-11-01T23:59:37,0.9443,1,21,21,1,0,0,3,0,3,1,4,TRUE,0.6719,for,if
,3,2,2021-11-01T23:59:37,0.9102,1,23,23,3,1,0,2,0,2,1,2,TRUE,0.727,for,if
,3,3,2021-11-01T23:59:37,0.832,1,18,18,1,1,0,1,0,1,1,2,TRUE,0.7009,for,if
,3,1,2021-11-02T23:59:01,0.918,1,19,19,2,0,0,2,0,2,1,4,FALSE,0,for,if
,3,2,2021-11-02T23:59:01,0.8379,1,23,23,3,1,0,2,0,2,1,5,TRUE,0.6503,for,if
,3,3,2021-11-02T23:59:01,0.7451,1,18,18,1,0,0,1,0,1,1,4,TRUE,0.669,for,if
,3,1,2021-10-31T17:58:20,0.9873,1,21,21,2,1,0,2,0,2,1,3,TRUE,0.9505,for,if
,3,2,2021-10-31T17:58:20,0.8848,1,21,21,2,0,0,1,0,1,1,5,TRUE,0.7416,for,if
,3,3,2021-10-31T17:58:20,0.8389,1,18,18,1,0,0,1,0,1,1,4,TRUE,0.809,for,if
,3,1,2021-10-26T17:21:54,0.8027,1,21,21,2,1,0,2,0,2,1,4,TRUE,0.7894,for,if
,3,2,2021-10-26T17:21:54,0.8066,1,24,24,3,1,0,2,0,2,1,2,TRUE,0.7046,for,if
,3,3,2021-10-26T17:21:54,0.6699,1,17,17,1,1,0,1,0,1,1,2,TRUE,0.905,for,if
,3,1,2021-10-30T10:48:46,0.8213,1,18,18,1,0,0,1,1,2,1,4,TRUE,0.867,both,if
,3,2,2021-10-30T10:48:46,0.9883,1,23,23,3,1,0,2,0,2,1,5,TRUE,0.691,for,if
,3,3,2021-10-30T10:48:46,0.9111,1,22,22,1,0,0,0,1,1,1,0,TRUE,0.637,while,if
,3,1,2021-11-01T22:17:58,1.1934,1,28,28,3,1,0,0,2,2,2,4,TRUE,0.7271,while,if
,3,2,2021-11-01T22:17:58,0.9619,1,23,23,2,1,0,1,0,1,1,6,TRUE,0.6941,for,if
,3,3,2021-11-01T22:17:58,0.7754,1,20,20,1,1,0,1,0,1,1,2,FALSE,0,for,if
,3,2,2021-11-02T23:58:36,0.7539,1,23,23,3,1,0,2,0,2,1,2,TRUE,0.6735,for,if
,3,3,2021-11-02T23:58:36,0.8887,1,23,23,1,1,0,1,0,1,1,2,TRUE,0.897,for,if
,3,1,2021-10-31T19:46:12,0.9277,1,21,21,2,2,0,2,0,2,1,0,TRUE,0.739,for,if
,3,2,2021-10-31T19:46:12,0.8701,1,23,23,3,0,0,0,1,1,2,0,TRUE,0.652,while,if
,3,3,2021-10-31T19:46:12,0.8672,1,16,16,1,0,0,1,0,1,2,0,TRUE,0.815,for,if
,3,1,2021-10-27T21:36:20,0.9609,1,24,24,3,1,0,2,0,2,1,4,TRUE,0.647,for,if
,3,1,2021-10-28T18:21:59,0.9561,1,19,19,1,1,0,2,0,2,1,4,TRUE,0.701,for,if
,3,2,2021-10-28T18:21:59,0.9434,1,23,23,4,0,0,2,0,2,1,5,TRUE,0.682,for,if
,3,3,2021-10-28T18:21:59,0.832,1,18,18,1,0,0,1,0,1,1,4,TRUE,0.7081,for,if
,3,1,2021-10-26T21:34:58,0.8818,1,20,20,2,1,0,2,0,2,1,4,TRUE,0.916,for,if
,3,2,2021-10-26T21:34:58,0.8887,1,23,23,2,1,0,1,0,1,1,4,TRUE,0.7492,for,if
,3,3,2021-10-26T21:34:58,0.79,1,18,18,1,0,0,1,0,1,1,2,TRUE,0.82,for,if
,3,2,2021-11-02T19:50:33,0.8818,1,24,24,3,1,0,2,0,2,3,2,TRUE,0.9725,for,if
,3,3,2021-11-02T19:50:33,0.8506,1,19,19,1,1,0,1,0,1,3,2,TRUE,0.785,for,if
,3,1,2021-11-02T17:08:48,1.125,1,20,20,2,1,0,2,0,2,1,4,TRUE,1.017,for,if
,3,2,2021-11-02T17:08:48,0.8584,1,23,23,3,1,0,2,0,2,1,2,TRUE,0.744,for,if
,3,3,2021-11-02T17:08:48,0.8242,1,19,19,1,1,0,1,0,1,1,2,TRUE,0.656,for,if
,3,1,2021-11-02T21:39:31,0.7217,1,18,18,2,1,0,2,0,2,1,1,TRUE,0.6671,for,if
,3,2,2021-11-02T21:39:31,0.7236,1,21,21,2,0,0,1,0,1,2,0,TRUE,0.775,for,if
,3,3,2021-11-02T21:39:31,0.7373,1,22,22,1,1,0,1,0,1,1,0,TRUE,0.7021,for,if
,3,1,2021-11-02T23:24:55,0.8311,1,20,20,2,0,0,2,0,2,1,4,TRUE,0.6864,for,if
,3,2,2021-11-02T23:24:55,0.79,1,22,22,3,1,0,2,0,2,1,5,TRUE,0.692,for,if
,3,3,2021-11-02T23:24:55,0.7676,1,18,18,1,0,0,1,0,1,1,4,TRUE,0.64,for,if
,3,1,2021-11-01T20:25:43,0.6084,1,18,18,1,0,0,1,1,2,0,4,TRUE,0.8802,both,if
,3,2,2021-11-01T20:25:43,0.6426,1,23,23,3,1,0,2,0,2,0,5,TRUE,0.7533,for,if
,3,3,2021-11-01T20:25:43,0.8906,1,21,21,1,0,0,0,1,1,1,5,TRUE,0.6762,while,if
,3,1,2021-11-02T18:18:47,1.1094,1,25,25,2,1,0,0,2,2,1,2,TRUE,0.845,while,if
,3,2,2021-11-02T18:18:47,0.7275,1,24,24,2,0,0,0,1,1,1,4,TRUE,0.794,while,if
,3,3,2021-11-02T18:18:47,0.8203,1,18,18,1,0,0,0,1,1,1,1,TRUE,0.6499,while,if
,3,1,2021-11-01T23:24:33,1.4609,1,39,39,3,3,0,2,1,3,1,5,TRUE,0.889,both,if
,3,2,2021-11-01T23:24:33,1.0361,1,26,26,3,1,0,2,0,2,1,2,TRUE,0.797,for,if
,3,3,2021-11-01T23:24:33,0.8965,1,20,20,1,1,0,1,0,1,1,2,TRUE,0.7574,for,if
,3,1,2021-11-02T18:07:04,1.0674,1,26,26,3,0,0,0,2,2,1,4,TRUE,0.919,while,if
,3,2,2021-11-02T18:07:04,1.0049,2,25,13,2,1,0,0,1,1,1,5,TRUE,0.7603,while,if
,3,3,2021-11-02T18:07:04,0.8633,1,17,17,1,0,0,1,0,1,1,4,TRUE,0.7631,for,if
,3,1,2021-11-02T21:51:37,0.9082,1,23,23,1,1,0,2,1,3,1,2,TRUE,0.737,both,if
,3,2,2021-11-02T21:51:37,0.874,1,21,21,2,0,0,1,0,1,1,1,TRUE,0.7574,for,if
,3,3,2021-11-02T21:51:37,0.8838,1,19,19,1,0,0,1,0,1,1,2,TRUE,0.639,for,if
,3,1,2021-11-02T19:49:26,1.0244,1,18,18,2,0,0,2,0,2,3,4,TRUE,0.6791,for,if
,3,2,2021-11-02T19:49:26,0.9941,1,21,21,2,0,0,1,0,1,2,5,TRUE,0.641,for,if
,3,3,2021-11-02T19:49:26,0.96,1,18,18,1,0,0,1,0,1,3,4,TRUE,0.6516,for,if
,3,1,2021-10-26T19:09:08,1.1377,1,26,26,3,1,0,1,1,2,1,4,TRUE,0.967,both,if
,3,2,2021-10-26T19:09:08,0.8701,1,22,22,2,0,0,1,0,1,1,5,TRUE,0.703,for,if
,3,3,2021-10-26T19:09:08,0.8018,1,18,18,1,0,0,1,0,1,1,4,TRUE,0.9213,for,if
,3,1,2021-11-02T16:25:40,0.9883,1,21,21,2,2,0,2,0,2,1,0,TRUE,0.782,for,if
,3,1,2021-10-26T19:30:23,1.2139,1,28,28,3,1,0,0,2,2,2,4,TRUE,0.9386,while,if
,3,2,2021-10-26T19:30:23,1.0371,1,24,24,4,1,0,2,0,2,2,5,TRUE,0.7156,for,if
,3,3,2021-10-26T19:30:23,0.9072,1,19,19,1,0,0,1,0,1,2,4,TRUE,0.797,for,if
,3,1,2021-11-01T17:20:14,1.167,1,29,29,2,1,0,0,2,2,1,6,TRUE,0.652,while,if
,3,2,2021-11-01T17:20:14,1.0127,1,29,29,3,1,0,0,2,2,1,5,TRUE,0.672,while,if
,3,3,2021-11-01T17:20:14,0.9736,1,24,24,1,1,0,0,1,1,1,5,TRUE,0.741,while,if
,3,1,2021-11-01T13:55:02,0.957,1,22,22,1,0,0,0,2,2,1,4,TRUE,0.925,while,if
,3,2,2021-11-01T13:55:02,0.9385,2,22,11,3,0,0,0,1,1,1,4,TRUE,0.736,while,if
,3,3,2021-11-01T13:55:02,0.9639,1,24,24,1,1,0,0,1,1,1,4,TRUE,0.8312,while,if
,3,1,2021-11-02T00:29:54,0.9766,1,27,27,3,0,0,0,2,2,1,4,TRUE,0.7995,while,if
,3,2,2021-11-02T00:29:54,0.8994,1,27,27,3,0,0,0,1,1,1,6,TRUE,0.767,while,if
,3,3,2021-11-02T00:29:54,0.6553,1,16,16,1,0,0,1,0,1,1,5,TRUE,0.907,for,if
,3,1,2021-11-02T21:23:13,0.877,1,18,18,1,1,0,2,0,2,1,4,TRUE,0.733,for,if
,3,2,2021-11-02T21:23:13,1.0947,1,33,33,4,3,0,0,1,1,1,4,TRUE,0.655,while,if
,3,3,2021-11-02T21:23:13,0.8164,2,17,9,3,0,0,1,0,1,1,1,TRUE,0.727,for,if
,3,1,2021-11-02T23:01:56,0.9961,1,19,19,1,1,0,2,0,2,5,4,TRUE,0.6865,for,if
,3,2,2021-11-02T23:01:56,1.0918,2,25,13,4,0,0,1,1,2,3,5,TRUE,0.942,both,if
,3,3,2021-11-02T23:01:56,1.1006,1,22,22,1,0,0,2,0,2,3,2,TRUE,0.749,for,if
,3,1,2021-11-03T19:22:44,1.0527,1,23,23,1,1,0,1,1,2,1,4,TRUE,0.904,both,if
,3,2,2021-11-03T19:22:44,0.9209,1,20,20,1,0,0,0,1,1,1,6,TRUE,0.763,while,if
,3,3,2021-11-03T19:22:44,0.9248,1,20,20,1,0,0,1,0,1,1,5,TRUE,0.657,for,if
,3,1,2021-10-30T08:22:16,0.9209,1,20,20,2,1,0,2,0,2,1,4,TRUE,0.756,for,if
,3,2,2021-10-30T08:22:16,1.1309,1,32,32,5,1,0,2,0,2,1,1,TRUE,0.656,for,if
,3,3,2021-10-30T08:22:16,0.7559,1,17,17,1,1,0,1,0,1,1,2,TRUE,0.7028,for,if
,3,1,2021-11-02T22:37:57,0.9834,1,22,22,2,1,0,2,0,2,1,4,FALSE,0,for,if
,3,2,2021-11-02T22:37:57,0.9404,1,22,22,2,0,0,0,1,1,1,4,TRUE,0.7762,while,if
,3,3,2021-11-02T22:37:57,0.8564,1,19,19,1,0,0,1,0,1,1,4,TRUE,0.669,for,if
,3,1,2021-10-29T13:08:52,0.9121,1,26,26,1,1,0,3,0,3,1,4,TRUE,0.6881,for,if
,3,2,2021-10-29T13:08:52,0.8037,2,23,12,2,0,0,0,1,1,1,2,TRUE,0.851,while,if
,3,3,2021-10-29T13:08:52,0.7559,1,21,21,1,0,0,1,0,1,1,4,TRUE,0.798,for,if
,3,1,2021-10-30T01:06:01,1.0977,1,23,23,3,1,0,0,2,2,1,2,TRUE,0.812,while,if
,3,2,2021-10-30T01:06:01,0.8486,1,19,19,3,1,0,2,0,2,1,5,TRUE,0.864,for,if
,3,3,2021-10-30T01:06:01,0.8896,1,18,18,1,1,0,1,0,1,1,2,TRUE,0.8132,for,if
,3,1,2021-11-02T20:28:47,0.8223,1,19,19,1,0,0,2,0,2,1,4,TRUE,0.804,for,if
,3,2,2021-11-02T20:28:47,0.9932,1,24,24,3,1,0,2,0,2,1,2,TRUE,0.787,for,if
,3,3,2021-11-02T20:28:47,1.1807,1,19,19,1,1,0,1,0,1,1,2,TRUE,0.6872,for,if
,3,1,2021-11-02T22:34:00,1.1279,1,23,23,2,2,0,2,0,2,1,0,TRUE,0.6992,for,if
,3,2,2021-11-02T22:34:00,1.0127,1,25,25,3,0,0,0,1,1,1,0,TRUE,0.6745,while,if
,3,3,2021-11-02T22:34:00,0.8057,1,16,16,1,0,0,1,0,1,1,0,TRUE,0.827,for,if
,3,1,2021-11-02T21:44:40,1.0322,1,21,21,2,2,0,2,0,2,1,0,TRUE,0.8298,for,if
,3,2,2021-11-02T21:44:40,0.6904,1,20,20,3,0,0,0,1,1,1,0,TRUE,0.641,while,if
,3,3,2021-11-02T21:44:40,0.7607,1,18,18,4,0,0,1,0,1,1,4,TRUE,0.848,for,if
,3,1,2021-11-02T22:09:17,1.3193,1,21,21,2,2,0,2,0,2,7,4,TRUE,0.723,for,if
,3,2,2021-11-02T22:09:17,1.2568,1,20,20,3,1,0,2,0,2,9,5,TRUE,0.785,for,if
,3,3,2021-11-02T22:09:17,1.1855,1,18,18,1,0,0,0,1,1,8,4,TRUE,0.66,while,if
,3,1,2021-10-29T14:31:37,1.0801,1,28,28,3,3,0,1,1,2,1,4,TRUE,0.6708,both,if
,3,2,2021-10-29T14:31:37,0.8008,1,22,22,3,1,0,2,0,2,1,5,TRUE,0.7747,for,if
,3,3,2021-10-29T14:31:37,0.7705,1,23,23,1,1,0,1,0,1,1,4,TRUE,0.652,for,if
,3,1,2021-11-02T23:43:23,0.876,1,21,21,1,1,0,2,1,3,1,2,TRUE,0.688,both,if
,3,2,2021-11-02T23:43:23,0.8057,1,19,19,2,0,0,1,0,1,1,1,TRUE,0.861,for,if
,3,3,2021-11-02T23:43:23,0.8799,1,20,20,1,0,0,1,0,1,1,5,TRUE,0.843,for,if
,3,1,2021-11-02T21:20:43,0.8818,1,15,15,1,1,0,1,0,1,1,2,FALSE,0,for,if
,3,3,2021-11-02T21:20:43,0.7451,1,19,19,1,1,0,1,0,1,3,2,TRUE,0.8762,for,if
,3,2,2021-11-02T21:20:43,0.7275,1,24,24,3,1,0,2,0,2,2,2,TRUE,0.6837,for,if
,3,1,2021-11-02T22:17:50,0.9268,1,17,17,1,0,0,2,0,2,1,2,TRUE,0.92,for,if
,3,2,2021-11-02T22:17:50,0.9971,2,24,12,2,0,0,1,0,1,1,5,TRUE,0.7445,for,if
,3,3,2021-11-02T22:17:50,0.959,1,17,17,1,0,0,1,0,1,1,2,TRUE,0.82,for,if
,3,1,2021-11-02T00:23:36,1.3125,1,24,24,2,2,0,2,0,2,7,0,TRUE,0.7927,for,if
,3,2,2021-11-02T00:23:36,0.6338,1,21,21,3,0,0,0,1,1,1,0,TRUE,0.683,while,if
,3,3,2021-11-02T00:23:36,0.6387,1,15,15,1,0,0,1,0,1,1,0,TRUE,0.6396,for,if
,3,1,2021-10-30T20:37:11,0.9004,1,25,25,2,1,0,0,2,2,1,5,TRUE,0.6783,while,if
,3,2,2021-10-30T20:37:11,0.9619,1,26,26,3,1,0,2,0,2,1,5,TRUE,0.8072,for,if
,3,3,2021-10-30T20:37:11,0.7207,1,17,17,1,0,0,1,0,1,1,4,TRUE,1.008,for,if
,3,1,2021-11-02T22:38:46,0.7988,1,21,21,1,1,0,3,0,3,1,4,TRUE,0.747,for,if
,3,2,2021-11-02T22:38:46,0.7041,1,23,23,3,1,0,2,0,2,1,2,TRUE,0.6881,for,if
,3,3,2021-11-02T22:38:46,0.6982,1,19,19,1,1,0,1,0,1,1,2,TRUE,0.7,for,if
,3,1,2021-11-01T23:56:14,1.2324,2,27,14,3,1,0,1,2,3,1,4,TRUE,0.8601,both,if
,3,2,2021-11-01T23:56:14,0.958,1,24,24,3,1,0,2,0,2,1,5,TRUE,0.782,for,if
,3,3,2021-11-01T23:56:14,0.791,1,19,19,1,1,0,1,0,1,1,2,TRUE,0.683,for,if
,3,1,2021-11-02T11:09:50,1.4111,1,28,28,2,2,0,0,2,2,1,4,TRUE,0.81,while,if
,3,2,2021-11-02T11:09:50,1.0742,1,23,23,3,0,0,0,1,1,1,4,TRUE,0.767,while,if
,3,1,2021-10-31T19:39:29,0.9941,1,23,23,1,0,0,3,0,3,1,5,TRUE,0.9935,for,if
,3,2,2021-10-31T19:39:29,0.8291,1,19,19,2,1,0,1,0,1,1,4,TRUE,0.687,for,if
,3,3,2021-10-31T19:39:29,0.7793,1,15,15,0,0,0,1,0,1,1,2,TRUE,1.024,for,
,3,1,2021-10-25T19:45:53,1.0273,1,23,23,2,0,0,1,1,2,1,4,TRUE,0.7606,both,if
,3,2,2021-10-25T19:45:53,0.9658,1,21,21,2,0,0,1,0,1,4,5,TRUE,0.897,for,if
,3,3,2021-10-25T19:45:53,0.8662,1,18,18,1,0,0,1,0,1,1,4,TRUE,0.7427,for,if
,3,1,2021-10-27T19:07:57,1.0518,1,22,22,2,1,0,2,0,2,1,4,TRUE,0.904,for,if
,3,2,2021-10-27T19:07:57,0.9062,1,18,18,1,1,0,1,0,1,1,6,TRUE,0.7818,for,if
,3,3,2021-10-27T19:07:57,0.8604,1,17,17,1,0,0,1,0,1,1,4,TRUE,0.6964,for,if
,3,1,2021-10-27T23:20:18,1.1943,1,29,29,3,2,0,0,2,2,1,3,TRUE,0.8183,while,if
,3,2,2021-10-27T23:20:18,1.0156,1,28,28,3,1,0,0,2,2,1,3,TRUE,0.6539,while,if
,3,3,2021-10-27T23:20:18,0.8223,1,21,21,1,1,0,0,1,1,1,1,TRUE,0.922,while,if
,3,1,2021-10-25T20:55:01,1.083,1,25,25,2,1,0,0,2,2,1,3,TRUE,0.763,while,if
,3,2,2021-10-25T20:55:01,0.8857,1,23,23,2,0,0,0,1,1,1,4,TRUE,0.7,while,if
,3,3,2021-10-25T20:55:01,0.7939,1,20,20,1,0,0,0,1,1,1,4,TRUE,0.6835,while,if
,3,1,2021-11-02T11:17:15,1.1357,1,27,27,2,2,0,0,2,2,1,0,TRUE,0.7762,while,if
,3,2,2021-11-02T11:17:15,0.8154,1,24,24,3,1,0,0,1,1,1,0,TRUE,0.899,while,if
,3,3,2021-11-02T11:17:15,0.6748,1,20,20,1,0,0,0,1,1,1,0,TRUE,0.741,while,if
,3,1,2021-11-01T20:47:33,0.6523,1,20,20,2,1,0,2,0,2,1,2,TRUE,0.8672,for,if
,3,3,2021-11-01T20:47:33,0.6582,1,21,21,1,1,0,1,0,1,1,5,TRUE,0.8295,for,if
,3,2,2021-11-01T20:47:33,0.7002,1,22,22,3,1,0,2,0,2,1,5,TRUE,0.853,for,if
,3,2,2021-11-02T23:58:48,0.7051,1,18,18,1,0,0,0,1,1,1,3,TRUE,0.769,while,if
,3,3,2021-11-02T23:58:48,0.7979,1,18,18,1,0,0,1,0,1,1,0,TRUE,0.7091,for,if
,3,1,2021-10-28T00:45:48,1.0029,1,20,20,2,1,0,2,0,2,1,4,TRUE,0.852,for,if
,3,2,2021-10-28T00:45:48,0.874,1,16,16,1,0,0,1,0,1,1,6,TRUE,0.767,for,if
,3,3,2021-10-28T00:45:48,0.7881,1,16,16,1,0,0,1,0,1,1,2,TRUE,0.672,for,if
,3,1,2021-11-01T20:23:38,1.3262,1,29,29,4,0,0,1,1,2,4,4,TRUE,0.7267,both,if
,3,2,2021-11-01T20:23:38,1.0205,1,26,26,2,1,0,1,0,1,4,6,TRUE,0.846,for,if
,3,3,2021-11-01T20:23:38,0.8623,1,19,19,1,0,0,1,0,1,4,4,TRUE,0.81,for,if
,3,1,2021-11-02T19:05:08,1.0449,1,23,23,2,2,0,1,1,2,1,4,TRUE,0.74,both,if
,3,2,2021-11-02T19:05:08,0.7676,1,24,24,3,1,0,2,0,2,1,5,TRUE,0.914,for,if
,3,3,2021-11-02T19:05:08,0.7236,1,17,17,1,1,0,1,0,1,1,2,TRUE,0.797,for,if
,3,1,2021-10-27T00:47:45,1.1143,1,19,19,2,1,0,2,0,2,1,0,TRUE,0.929,for,if
,3,2,2021-10-27T00:47:45,0.9463,1,22,22,3,1,0,2,0,2,1,5,TRUE,0.785,for,if
,3,3,2021-10-27T00:47:45,0.8301,1,17,17,1,0,0,1,0,1,1,0,TRUE,0.807,for,if
,3,1,2021-10-31T18:55:49,2.0098,1,25,25,2,0,0,2,1,3,11,4,TRUE,0.842,both,if
,3,2,2021-10-31T18:55:49,1.2812,1,15,15,1,0,0,1,0,1,4,4,TRUE,0.64,for,if
,3,3,2021-10-31T18:55:49,1.3193,1,26,26,1,1,0,1,0,1,6,5,TRUE,0.81,for,if
,3,1,2021-11-02T20:16:13,1.3457,1,33,33,2,1,0,2,1,3,1,6,TRUE,0.6972,both,if
,3,2,2021-11-02T20:16:13,0.9404,1,22,22,2,0,0,1,0,1,1,6,TRUE,0.8633,for,if
,3,3,2021-11-02T20:16:13,0.7998,1,17,17,1,0,0,1,0,1,1,4,TRUE,0.7806,for,if
,3,1,2021-11-02T17:06:51,0.958,1,24,24,1,1,0,1,1,2,1,4,TRUE,0.899,both,if
,3,2,2021-11-02T17:06:51,0.9062,1,21,21,2,1,0,0,1,1,1,5,TRUE,0.752,while,if
,3,3,2021-11-02T17:06:51,0.793,1,18,18,1,0,0,1,0,1,1,5,TRUE,0.755,for,if
,4,1,2021-11-19T23:58:19,1.4307,3,46,16,3,1,0,2,1,3,3,7,FALSE,0,both,if
,4,2,2021-11-19T23:58:19,1.1875,2,33,17,2,2,0,1,0,1,3,3,FALSE,0,for,if
,4,3,2021-11-19T23:58:19,1.0947,2,30,15,1,1,0,1,0,1,3,4,FALSE,0,for,if
,4,1,2021-11-12T20:03:34,0.793,2,14,7,0,0,0,0,0,0,1,2,TRUE,0.7231,,
,4,2,2021-11-12T20:03:34,1.0303,2,22,11,3,1,0,1,0,1,1,3,TRUE,0.83,for,if
,4,3,2021-11-12T20:03:34,1.1924,2,24,12,1,1,0,1,0,1,1,9,TRUE,0.7888,for,if
,4,1,2021-11-19T23:21:36,0.6523,2,12,6,0,0,0,0,0,0,1,2,TRUE,0.6672,,
,4,2,2021-11-19T23:21:36,0.9668,2,21,11,1,1,0,0,1,1,1,3,TRUE,0.684,while,if
,4,3,2021-11-19T23:21:36,1.082,2,25,13,1,1,0,0,1,1,1,1,TRUE,0.6578,while,if
,4,1,2021-11-15T22:24:15,0.7803,2,14,7,0,0,0,0,0,0,1,1,TRUE,0.6374,,
,4,2,2021-11-15T22:24:15,0.8926,2,20,10,1,1,0,0,1,1,1,2,TRUE,0.6421,while,if
,4,3,2021-11-15T22:24:15,1.0938,2,19,10,1,1,0,1,0,1,1,3,TRUE,0.801,for,if
,4,1,2021-11-19T23:39:26,1.2734,2,40,20,0,0,1,0,0,0,1,1,TRUE,0.772,,switch
,4,2,2021-11-19T23:39:26,1.0674,2,26,13,2,2,0,2,0,2,1,4,TRUE,0.6537,for,if
,4,3,2021-11-19T23:39:26,1.1387,2,22,11,1,1,0,0,1,1,1,4,TRUE,0.789,while,if
,4,1,2021-11-19T19:28:53,0.8389,2,15,8,0,0,0,0,0,0,1,2,TRUE,0.9093,,
,4,2,2021-11-19T19:28:53,0.9688,2,26,13,2,2,0,1,0,1,1,4,TRUE,0.716,for,if
,4,3,2021-11-19T19:28:53,1.5811,2,31,16,1,1,0,2,0,2,1,2,TRUE,0.944,for,if
,4,1,2021-11-19T10:33:26,0.749,2,13,7,0,0,0,0,0,0,2,2,TRUE,0.713,,
,4,2,2021-11-19T10:33:26,1.0283,2,24,12,2,2,0,1,0,1,2,5,TRUE,0.9063,for,if
,4,3,2021-11-19T10:33:26,1.4258,2,40,20,5,1,0,1,0,1,2,13,TRUE,0.731,for,if
,4,1,2021-11-19T23:07:16,0.7275,2,15,8,0,0,0,0,0,0,1,4,TRUE,0.889,,
,4,2,2021-11-19T23:07:16,0.7598,2,20,10,2,1,0,0,0,0,1,1,TRUE,0.781,,if
,4,3,2021-11-19T23:07:16,1.1768,2,29,15,1,1,0,1,0,1,1,2,TRUE,0.803,for,if
,4,1,2021-11-14T22:36:20,0.8252,2,15,8,1,0,0,1,0,1,1,3,TRUE,0.785,for,if
,4,2,2021-11-14T22:36:20,0.8164,2,15,8,1,1,0,1,0,1,1,3,TRUE,0.7081,for,if
,4,3,2021-11-14T22:36:20,1.0684,2,17,9,1,1,0,1,0,1,1,3,TRUE,0.896,for,if
,4,1,2021-11-14T23:59:26,0.9238,2,17,9,0,0,0,1,0,1,1,4,TRUE,0.704,for,
,4,2,2021-11-14T23:59:26,1.083,2,25,13,2,1,0,1,0,1,1,5,TRUE,0.6364,for,if
,4,3,2021-11-14T23:59:26,1.4766,2,31,16,2,1,0,1,0,1,1,2,TRUE,0.706,for,if
,4,1,2021-11-19T23:35:03,0.876,1,11,11,1,0,0,1,0,1,3,2,TRUE,0.82,for,if
,4,2,2021-11-19T23:35:03,1.0039,2,20,10,2,0,0,1,0,1,1,4,TRUE,0.7683,for,if
,4,3,2021-11-19T23:35:03,1.6689,3,34,12,4,0,0,1,0,1,1,11,TRUE,0.674,for,if
,4,1,2021-11-19T22:55:07,1.0498,2,15,8,0,0,0,0,0,0,7,1,TRUE,0.8092,,
,4,2,2021-11-19T22:55:07,1.2354,2,24,12,2,2,0,1,0,1,10,1,TRUE,0.757,for,if
,4,3,2021-11-19T22:55:07,1.7646,2,31,16,1,1,0,1,1,2,11,1,TRUE,0.9101,both,if
,4,1,2021-11-19T23:54:48,0.7344,2,14,7,0,0,0,0,0,0,2,2,TRUE,0.731,,
,4,2,2021-11-19T23:54:48,0.8281,2,24,12,2,2,0,1,0,1,1,5,TRUE,0.859,for,if
,4,3,2021-11-19T23:54:48,1.0713,2,27,14,1,1,0,1,0,1,1,2,TRUE,0.7523,for,if
,4,2,2021-11-17T18:39:15,0.8418,2,19,10,1,1,0,1,0,1,1,2,TRUE,0.739,for,if
,4,3,2021-11-17T18:39:15,1.0635,2,25,13,1,1,0,1,0,1,1,9,TRUE,0.879,for,if
,4,1,2021-11-15T18:42:09,0.7432,2,15,8,0,0,0,0,0,0,1,4,TRUE,0.754,,
,4,2,2021-11-15T18:42:09,1.2871,3,23,8,2,0,0,0,1,1,8,5,TRUE,0.815,while,if
,4,3,2021-11-15T18:42:09,1.9502,2,36,18,2,2,0,0,1,1,11,9,TRUE,0.7684,while,if
,4,1,2021-11-19T23:52:59,1.0566,2,17,9,0,0,0,0,0,0,6,5,FALSE,0,,
,4,1,2021-11-11T16:38:36,0.8604,2,14,7,0,0,0,0,0,0,1,4,TRUE,0.6413,,
,4,2,2021-11-11T16:38:36,1.166,2,24,12,2,2,0,2,0,2,1,3,TRUE,0.7276,for,if
,4,3,2021-11-11T16:38:36,1.2217,2,26,13,2,2,0,1,0,1,1,9,TRUE,0.6564,for,if
,4,2,2021-11-20T01:10:03,0.7402,2,18,9,1,1,0,1,0,1,1,3,FALSE,0,for,if
,4,1,2021-11-19T23:19:14,3.0703,2,93,47,0,0,1,0,0,0,1,1,TRUE,0.809,,switch
,4,2,2021-11-19T23:19:14,1.0508,3,25,9,2,0,0,1,0,1,1,4,TRUE,0.658,for,if
,4,3,2021-11-19T23:19:14,1.3076,2,27,14,1,1,0,1,0,1,1,2,TRUE,0.628,for,if
,4,1,2021-11-10T08:49:59,0.9473,3,15,5,2,0,0,0,0,0,1,1,TRUE,0.96,,if
,4,2,2021-11-10T08:49:59,0.9482,2,17,9,1,1,0,1,0,1,1,3,TRUE,0.734,for,if
,4,3,2021-11-10T08:49:59,1.2051,2,18,9,1,1,0,1,0,1,1,2,TRUE,0.656,for,if
,4,1,2021-11-14T15:32:48,0.7549,2,13,7,0,0,0,0,0,0,1,1,TRUE,0.649,,
,4,2,2021-11-14T15:32:48,1.0371,2,24,12,2,1,0,1,0,1,1,4,TRUE,0.969,for,if
,4,3,2021-11-14T15:32:48,1.3447,2,28,14,2,0,0,1,0,1,1,2,TRUE,0.759,for,if
,4,1,2021-11-19T21:45:16,0.8193,2,14,7,0,0,0,0,0,0,5,2,TRUE,0.908,,
,4,2,2021-11-19T21:45:16,0.9287,2,19,10,1,1,0,1,0,1,2,1,TRUE,0.7222,for,if
,4,3,2021-11-19T21:45:16,1.3525,2,27,14,1,1,0,1,0,1,6,9,TRUE,0.962,for,if
,4,1,2021-11-19T23:54:36,0.7568,2,14,7,0,0,0,0,0,0,1,2,TRUE,0.7673,,
,4,2,2021-11-19T23:54:36,0.9355,2,22,11,1,1,0,0,1,1,1,0,TRUE,0.8031,while,if
,4,3,2021-11-19T23:54:36,1.3135,2,30,15,1,1,0,0,1,1,1,2,TRUE,0.6591,while,if
,4,1,2021-11-13T19:30:29,0.96,2,17,9,1,0,0,1,0,1,1,3,TRUE,0.643,for,if
,4,2,2021-11-13T19:30:29,1.042,2,20,10,2,2,0,1,0,1,1,2,TRUE,0.956,for,if
,4,3,2021-11-13T19:30:29,1.1572,2,18,9,1,1,0,1,0,1,1,8,TRUE,0.7201,for,if
,4,1,2021-11-14T10:33:38,0.8896,2,16,8,0,0,0,0,0,0,3,3,TRUE,0.94,,
,4,2,2021-11-14T10:33:38,1.1074,2,23,12,2,2,0,1,0,1,3,5,TRUE,0.8423,for,if
,4,3,2021-11-14T10:33:38,1.3867,2,27,14,1,1,0,1,0,1,6,9,TRUE,0.93,for,if
,4,1,2021-11-12T17:03:25,0.7334,2,13,7,0,0,0,0,0,0,1,1,TRUE,0.7501,,
,4,2,2021-11-12T17:03:25,0.9258,2,21,11,1,1,0,1,0,1,1,4,TRUE,0.6963,for,if
,4,3,2021-11-12T17:03:25,1.1758,2,24,12,1,0,0,1,0,1,1,9,TRUE,0.656,for,if
,4,1,2021-11-19T16:45:40,0.8506,2,17,9,0,0,0,0,1,1,1,2,TRUE,0.897,while,
,4,2,2021-11-19T16:45:40,0.9795,2,20,10,2,2,0,1,0,1,1,3,TRUE,0.765,for,if
,4,3,2021-11-19T16:45:40,1.3818,2,29,15,2,2,0,1,0,1,1,9,TRUE,0.654,for,if
,4,1,2021-11-19T23:29:37,0.7314,2,13,7,0,0,0,0,0,0,1,2,TRUE,0.684,,
,4,2,2021-11-19T23:29:37,1.0439,2,25,13,3,1,0,1,0,1,1,4,TRUE,0.879,for,if
,4,3,2021-11-19T23:29:37,1.2578,2,28,14,1,1,0,1,0,1,1,2,TRUE,0.741,for,if
,4,1,2021-11-12T20:57:16,2.0908,2,31,16,2,0,0,3,0,3,4,5,TRUE,0.658,for,if
,4,2,2021-11-12T20:57:16,1.5615,2,23,12,1,1,0,1,0,1,4,3,TRUE,0.7025,for,if
,4,3,2021-11-12T20:57:16,2.6191,2,36,18,1,1,0,1,0,1,4,10,TRUE,0.805,for,if
,4,1,2021-11-18T21:55:51,0.7354,2,12,6,0,0,0,0,0,0,1,1,TRUE,0.654,,
,4,2,2021-11-18T21:55:51,0.9639,2,19,10,3,1,0,1,0,1,1,3,TRUE,0.72,for,if
,4,3,2021-11-18T21:55:51,1.3682,2,28,14,2,2,0,1,0,1,1,10,TRUE,0.908,for,if
,4,1,2021-11-19T11:22:02,0.7305,2,12,6,1,0,0,0,0,0,1,2,TRUE,0.779,,if
,4,2,2021-11-19T11:22:02,0.9424,2,22,11,2,2,0,1,0,1,1,5,TRUE,0.8653,for,if
,4,3,2021-11-19T11:22:02,1.1338,2,22,11,2,0,0,1,0,1,1,9,TRUE,0.751,for,if
,4,1,2021-11-19T19:50:43,0.7656,2,13,7,0,0,0,0,0,0,1,2,TRUE,0.663,,
,4,2,2021-11-19T19:50:43,1.082,3,24,8,4,1,0,0,1,1,1,3,TRUE,0.68,while,if
,4,3,2021-11-19T19:50:43,1.25,2,29,15,3,0,0,0,1,1,1,10,TRUE,0.879,while,if
,4,1,2021-11-19T19:11:16,0.748,2,12,6,0,0,0,0,0,0,1,1,TRUE,0.7341,,
,4,2,2021-11-19T19:11:16,0.9336,2,19,10,1,1,0,1,0,1,1,3,TRUE,0.7434,for,if
,4,3,2021-11-19T19:11:16,1.2031,2,22,11,1,0,0,1,0,1,1,9,TRUE,0.656,for,if
,4,1,2021-11-19T23:54:38,0.8096,2,21,11,2,0,0,2,0,2,1,5,TRUE,0.6581,for,if
,4,2,2021-11-19T23:54:38,0.752,2,18,9,1,1,0,1,0,1,1,4,TRUE,0.9294,for,if
,4,3,2021-11-19T23:54:38,0.917,2,24,12,1,0,0,1,0,1,1,9,TRUE,0.7506,for,if
,4,2,2021-11-19T21:41:10,1.0127,2,23,12,2,2,0,1,0,1,1,3,TRUE,0.698,for,if
,4,3,2021-11-19T21:41:10,1.3027,2,30,15,2,2,0,1,0,1,1,9,TRUE,0.642,for,if
,4,1,2021-11-12T17:12:58,0.6377,2,14,7,0,0,0,0,0,0,1,3,TRUE,0.6373,,
,4,2,2021-11-12T17:12:58,0.7529,2,21,11,2,2,0,1,0,1,1,4,TRUE,0.9515,for,if
,4,3,2021-11-12T17:12:58,1.291,2,33,17,2,2,0,0,1,1,1,4,TRUE,0.6708,while,if
,4,1,2021-11-20T00:19:01,0.8057,1,15,15,1,1,0,1,0,1,2,3,TRUE,0.9547,for,if
,4,3,2021-11-20T00:19:01,1.3057,2,25,13,1,1,0,1,0,1,1,9,TRUE,0.7152,for,if
,4,1,2021-11-19T22:52:59,1.1641,2,21,11,1,1,1,0,0,0,5,2,TRUE,0.9255,,both
,4,2,2021-11-19T22:52:59,1.0811,2,22,11,1,1,0,1,1,2,3,3,TRUE,0.673,both,if
,4,3,2021-11-19T22:52:59,1.5576,2,27,14,2,1,0,1,0,1,3,2,TRUE,0.943,for,if
,4,1,2021-11-19T20:19:38,0.7402,2,12,6,0,0,0,0,0,0,1,1,TRUE,0.7323,,
,4,2,2021-11-19T20:19:38,1.0166,2,19,10,1,1,0,1,0,1,1,3,TRUE,0.973,for,if
,4,3,2021-11-19T20:19:38,1.3262,2,27,14,1,1,0,1,0,1,1,9,TRUE,0.761,for,if
,4,1,2021-11-14T16:15:53,0.708,2,12,6,0,0,0,0,0,0,1,2,TRUE,0.9265,,
,4,2,2021-11-14T16:15:53,0.8564,2,16,8,0,0,0,1,0,1,2,4,TRUE,0.736,for,
,4,3,2021-11-14T16:15:53,1.6377,3,32,11,3,2,0,1,0,1,1,10,TRUE,0.9562,for,if
,4,1,2021-11-18T17:05:55,0.8867,2,15,8,0,0,0,0,0,0,1,3,TRUE,0.704,,
,4,2,2021-11-18T17:05:55,1.1445,2,21,11,2,2,0,1,0,1,1,3,TRUE,0.9715,for,if
,4,3,2021-11-18T17:05:55,1.2129,2,23,12,1,1,0,1,0,1,1,9,TRUE,0.719,for,if
,4,1,2021-11-18T16:33:06,0.8662,2,14,7,0,0,0,0,0,0,1,1,TRUE,0.672,,
,4,2,2021-11-18T16:33:06,1.0186,2,21,11,1,1,0,1,0,1,1,3,TRUE,0.6641,for,if
,4,3,2021-11-18T16:33:06,1.3047,2,24,12,1,1,0,1,0,1,1,10,TRUE,0.643,for,if
,4,1,2021-11-19T18:32:29,1.2344,2,19,10,1,0,0,1,0,1,7,4,TRUE,0.6561,for,if
,4,2,2021-11-19T18:32:29,1.3789,3,17,6,2,0,0,1,0,1,8,3,TRUE,0.933,for,if
,4,3,2021-11-19T18:32:29,1.957,2,30,15,3,2,0,1,0,1,7,9,TRUE,0.784,for,if
,4,1,2021-11-18T21:45:22,0.7969,2,13,7,0,0,0,0,0,0,2,2,TRUE,0.8932,,
,4,2,2021-11-18T21:45:22,0.9531,2,25,13,2,2,0,1,0,1,1,5,TRUE,0.7803,for,if
,4,1,2021-11-19T23:06:20,0.9014,2,14,7,0,0,0,0,0,0,1,3,TRUE,0.64,,
,4,2,2021-11-19T23:06:20,1.2637,2,23,12,2,2,0,1,0,1,1,5,TRUE,0.759,for,if
,4,3,2021-11-19T23:06:20,1.3799,2,26,13,1,1,0,1,0,1,1,10,TRUE,0.8865,for,if
,4,1,2021-11-14T00:25:36,0.7373,2,13,7,0,0,0,0,0,0,1,2,TRUE,0.7874,,
,4,2,2021-11-14T00:25:36,1.0029,2,28,14,2,2,0,0,1,1,1,4,TRUE,0.652,while,if
,4,3,2021-11-14T00:25:36,1.3252,2,28,14,2,0,0,0,1,1,1,8,TRUE,0.7635,while,if
,4,1,2021-11-15T23:02:48,0.8076,2,12,6,0,0,0,0,0,0,1,1,TRUE,0.9215,,
,4,2,2021-11-15T23:02:48,1.0527,2,19,10,2,1,0,1,0,1,1,2,TRUE,0.8005,for,if
,4,3,2021-11-15T23:02:48,1.3291,2,19,10,0,0,0,1,1,2,1,1,TRUE,0.864,both,
,4,1,2021-11-18T14:15:25,2.2822,2,68,34,0,0,1,0,0,0,1,3,TRUE,0.786,,switch
,4,2,2021-11-18T14:15:25,1.0312,3,25,9,3,1,0,0,1,1,1,4,TRUE,0.6574,while,if
,4,3,2021-11-18T14:15:25,1.3594,2,30,15,1,1,0,0,1,1,1,9,TRUE,0.7981,while,if
,4,1,2021-11-19T21:10:59,0.8154,2,15,8,0,0,0,1,0,1,1,2,TRUE,0.846,for,
,4,2,2021-11-19T21:10:59,0.9805,2,23,12,2,2,0,1,0,1,1,3,TRUE,0.813,for,if
,4,3,2021-11-19T21:10:59,1.1328,2,25,13,1,1,0,1,0,1,1,9,TRUE,0.7213,for,if
,4,1,2021-11-19T20:50:03,1.834,2,41,21,0,0,1,0,0,0,1,2,TRUE,0.6423,,switch
,4,2,2021-11-19T20:50:03,0.9775,2,23,12,2,2,0,1,0,1,1,4,TRUE,0.656,for,if
,4,3,2021-11-19T20:50:03,1.4912,2,30,15,4,1,0,1,0,1,1,9,TRUE,0.9432,for,if
,4,1,2021-11-19T06:32:48,0.7432,2,14,7,0,0,0,0,0,0,1,3,TRUE,0.7141,,
,4,2,2021-11-19T06:32:48,1.0781,2,26,13,3,2,0,1,0,1,1,4,TRUE,0.9387,for,if
,4,3,2021-11-19T06:32:48,1.1924,2,26,13,1,1,0,1,0,1,1,9,TRUE,0.7502,for,if
,4,1,2021-11-14T14:37:03,0.9863,2,19,10,1,0,0,1,0,1,3,3,TRUE,0.864,for,if
,4,2,2021-11-14T14:37:03,1.0303,2,23,12,2,2,0,1,0,1,2,3,TRUE,0.7841,for,if
,4,3,2021-11-14T14:37:03,1.1787,2,21,11,1,1,0,1,0,1,2,2,TRUE,0.7713,for,if
,4,1,2021-11-18T20:20:56,0.7256,2,14,7,0,0,0,0,0,0,2,3,TRUE,0.6572,,
,4,2,2021-11-18T20:20:56,0.8877,2,18,9,1,1,0,1,0,1,1,5,TRUE,0.6851,for,if
,4,3,2021-11-18T20:20:56,1.2578,2,27,14,4,0,0,1,0,1,1,1,TRUE,1.043,for,if
,4,1,2021-11-15T20:52:32,0.9922,2,17,9,0,0,0,0,0,0,4,2,TRUE,0.7361,,
,4,2,2021-11-15T20:52:32,1.3359,2,24,12,1,1,0,1,0,1,5,2,TRUE,0.6822,for,if
,4,3,2021-11-15T20:52:32,1.6426,1,31,31,1,1,0,1,0,1,6,0,TRUE,0.847,for,if
,4,1,2021-11-13T14:40:26,0.9102,2,14,7,0,0,0,0,0,0,1,3,TRUE,0.637,,
,4,2,2021-11-13T14:40:26,1.0371,2,21,11,1,1,0,0,1,1,1,3,TRUE,0.7758,while,if
,4,3,2021-11-13T14:40:26,1.3379,2,27,14,1,1,0,0,1,1,1,0,TRUE,0.9107,while,if
,4,1,2021-11-18T18:52:59,0.7637,2,14,7,0,0,0,0,0,0,2,3,TRUE,0.7975,,
,4,2,2021-11-18T18:52:59,0.9863,2,22,11,2,2,0,1,0,1,2,4,TRUE,0.6521,for,if
,4,3,2021-11-18T18:52:59,1.1445,2,24,12,1,1,0,1,0,1,2,9,TRUE,0.666,for,if
,4,1,2021-11-19T08:13:30,0.7402,2,13,7,0,0,0,0,0,0,1,2,TRUE,0.9425,,
,4,2,2021-11-19T08:13:30,0.7666,2,16,8,1,1,0,1,0,1,1,3,TRUE,0.718,for,if
,4,3,2021-11-19T08:13:30,1.0303,2,21,11,1,1,0,1,0,1,1,2,TRUE,0.957,for,if
,4,1,2021-11-19T22:16:33,0.5781,2,16,8,1,0,0,1,0,1,0,2,TRUE,0.7532,for,if
,4,2,2021-11-19T22:16:33,0.8721,2,18,9,2,2,0,1,0,1,1,3,TRUE,0.928,for,if
,4,3,2021-11-19T22:16:33,0.9043,2,21,11,2,1,0,2,0,2,0,4,TRUE,0.7984,for,if
,4,1,2021-11-20T00:03:42,0.8242,2,13,7,0,0,0,0,0,0,1,3,TRUE,0.866,,
,4,2,2021-11-20T00:03:42,1.3213,2,19,10,1,1,0,0,1,1,1,4,TRUE,0.747,while,if
,4,3,2021-11-20T00:03:42,1.4033,2,28,14,1,1,0,0,1,1,1,9,TRUE,0.7845,while,if
,4,1,2021-11-19T23:17:11,0.7256,2,13,7,0,0,0,0,0,0,1,2,TRUE,0.6685,,
,4,2,2021-11-19T23:17:11,0.9355,2,21,11,2,2,0,1,0,1,1,3,TRUE,0.7565,for,if
,4,3,2021-11-19T23:17:11,1.2021,2,24,12,1,1,0,1,0,1,1,10,TRUE,0.6706,for,if
,4,1,2021-11-19T14:58:57,0.6455,2,10,5,0,0,0,0,0,0,1,0,TRUE,0.653,,
,4,2,2021-11-19T14:58:57,0.8418,2,18,9,1,1,0,1,0,1,1,2,TRUE,0.712,for,if
,4,3,2021-11-19T14:58:57,1.1357,2,23,12,1,1,0,1,0,1,1,8,TRUE,0.978,for,if
,4,1,2021-11-15T01:50:29,0.7266,2,11,6,0,0,0,0,0,0,1,1,TRUE,0.7321,,
,4,2,2021-11-15T01:50:29,0.8965,2,20,10,0,0,0,0,1,1,1,4,TRUE,0.8803,while,
,4,3,2021-11-15T01:50:29,1.0947,2,22,11,1,1,0,0,1,1,1,2,TRUE,0.8061,while,if
,4,1,2021-11-13T19:41:03,0.8408,2,15,8,0,0,0,0,0,0,2,2,TRUE,0.773,,
,4,2,2021-11-13T19:41:03,1.0205,2,21,11,2,1,0,1,0,1,1,4,TRUE,0.6575,for,if
,4,3,2021-11-13T19:41:03,1.2471,2,27,14,1,1,0,1,0,1,1,9,TRUE,0.707,for,if
,4,1,2021-11-19T18:26:29,0.7559,2,14,7,0,0,0,0,0,0,1,2,TRUE,0.657,,
,4,2,2021-11-19T18:26:29,1.2275,2,28,14,3,2,0,1,0,1,1,5,TRUE,0.73,for,if
,4,3,2021-11-19T18:26:29,1.666,2,36,18,5,2,0,1,0,1,1,9,TRUE,0.654,for,if
,4,1,2021-11-19T16:18:56,0.8135,2,15,8,0,0,0,0,0,0,1,2,TRUE,0.657,,
,4,2,2021-11-19T16:18:56,1.0312,2,26,13,2,1,0,0,1,1,1,5,TRUE,0.655,while,if
,4,3,2021-11-19T16:18:56,1.6436,2,38,19,4,3,0,0,1,1,1,9,TRUE,0.961,while,if
,4,1,2021-11-14T10:52:23,0.7734,2,14,7,0,0,0,0,0,0,1,3,TRUE,0.719,,
,4,2,2021-11-14T10:52:23,1.0957,4,29,8,4,0,0,1,0,1,1,4,TRUE,0.976,for,if
,4,3,2021-11-14T10:52:23,1.208,3,30,10,2,0,0,1,0,1,1,9,TRUE,0.78,for,if
,4,1,2021-11-19T16:07:30,0.7305,2,15,8,0,0,0,0,0,0,1,2,TRUE,0.891,,
,4,2,2021-11-19T16:07:30,0.8984,2,22,11,1,1,0,1,0,1,1,5,TRUE,0.734,for,if
,4,3,2021-11-19T16:07:30,1.5801,2,39,20,5,0,0,1,0,1,1,13,TRUE,0.66,for,if
,4,1,2021-11-19T16:11:35,0.7188,2,15,8,0,0,0,0,0,0,1,2,TRUE,0.6574,,
,4,2,2021-11-19T16:11:35,0.9854,2,24,12,2,1,0,1,0,1,1,4,TRUE,0.9492,for,if
,4,3,2021-11-19T16:11:35,1.2354,2,30,15,2,2,0,0,1,1,1,1,TRUE,0.7462,while,if
,4,1,2021-11-15T23:36:42,0.6973,2,12,6,0,0,0,0,0,0,1,1,TRUE,0.8772,,
,4,2,2021-11-15T23:36:42,0.873,2,19,10,1,1,0,1,0,1,1,3,TRUE,0.764,for,if
,4,3,2021-11-15T23:36:42,1.2432,2,27,14,2,1,0,1,0,1,1,2,TRUE,0.823,for,if
,4,1,2021-11-19T23:58:43,0.8936,2,13,7,0,0,0,0,0,0,5,3,TRUE,0.6385,,
,4,2,2021-11-19T23:58:43,1.1309,2,27,14,3,2,0,1,0,1,1,4,TRUE,0.643,for,if
,4,3,2021-11-19T23:58:43,1.165,2,25,13,1,1,0,1,0,1,1,9,TRUE,0.678,for,if
,4,1,2021-11-14T19:02:04,0.7402,2,13,7,0,0,0,0,0,0,1,2,TRUE,0.8943,,
,4,2,2021-11-14T19:02:04,0.9766,2,20,10,1,1,0,1,0,1,1,4,TRUE,0.7801,for,if
,4,3,2021-11-14T19:02:04,1.3252,2,30,15,1,0,0,1,0,1,1,9,TRUE,0.6541,for,if
,4,1,2021-11-19T21:16:09,2.0547,2,41,21,0,0,1,0,0,0,1,1,TRUE,0.6703,,switch
,4,2,2021-11-19T21:16:09,1.0352,2,24,12,2,2,0,1,0,1,4,4,TRUE,0.9494,for,if
,4,3,2021-11-19T21:16:09,1.376,2,33,17,1,1,0,0,1,1,1,10,TRUE,0.714,while,if
,4,1,2021-11-15T00:40:08,0.8057,2,12,6,0,0,0,0,0,0,3,1,TRUE,0.892,,
,4,2,2021-11-15T00:40:08,1.0928,2,21,11,2,2,0,1,0,1,4,3,TRUE,0.7364,for,if
,4,3,2021-11-15T00:40:08,1.2422,2,18,9,1,1,0,1,0,1,4,3,TRUE,0.806,for,if
,4,1,2021-11-13T07:36:56,0.6992,2,10,5,0,0,0,0,0,0,1,0,TRUE,0.785,,
,4,2,2021-11-13T07:36:56,0.9053,2,19,10,1,1,0,1,0,1,1,2,TRUE,0.685,for,if
,4,3,2021-11-13T07:36:56,1.1133,2,19,10,1,1,0,1,0,1,1,3,TRUE,0.6546,for,if
,4,1,2021-11-11T00:40:15,0.5674,2,12,6,0,0,0,0,0,0,1,2,TRUE,0.639,,
,4,2,2021-11-11T00:40:15,0.8115,2,22,11,2,2,0,1,0,1,1,3,TRUE,0.944,for,if
,4,3,2021-11-11T00:40:15,1.7559,3,41,14,7,1,0,1,0,1,1,9,TRUE,0.714,for,if
,4,1,2021-11-13T17:56:19,1.0801,2,14,7,0,0,0,0,0,0,5,3,TRUE,0.905,,
,4,2,2021-11-13T17:56:19,1.3223,2,24,12,2,1,0,1,0,1,5,4,TRUE,0.72,for,if
,4,3,2021-11-13T17:56:19,1.541,2,26,13,1,1,0,1,0,1,5,9,TRUE,0.944,for,if
,4,1,2021-11-19T14:15:00,2.3164,2,41,21,0,0,1,0,0,0,1,2,TRUE,0.7357,,switch
,4,2,2021-11-19T14:15:00,0.9775,2,22,11,2,2,0,1,0,1,1,4,TRUE,0.652,for,if
,4,3,2021-11-19T14:15:00,1.2734,2,27,14,1,1,0,1,0,1,1,9,TRUE,0.7101,for,if
,4,1,2021-11-15T13:59:34,0.7373,2,12,6,0,0,0,0,0,0,1,1,TRUE,0.7691,,
,4,2,2021-11-15T13:59:34,0.7949,2,14,7,0,0,0,1,0,1,1,2,TRUE,0.643,for,
,4,3,2021-11-15T13:59:34,1.0791,2,19,10,2,0,0,1,0,1,1,2,TRUE,0.884,for,if
,4,1,2021-11-13T19:47:55,1.5547,2,16,8,0,0,0,0,0,0,2,2,TRUE,0.783,,
,4,2,2021-11-13T19:47:55,1.8994,2,29,15,1,1,0,1,1,2,2,3,TRUE,0.812,both,if
,4,3,2021-11-13T19:47:55,2.8525,2,36,18,1,1,0,1,0,1,2,3,TRUE,0.672,for,if
,4,1,2021-11-14T23:37:51,0.8311,2,22,11,1,0,0,1,0,1,1,5,TRUE,0.743,for,if
,4,2,2021-11-14T23:37:51,0.9619,2,22,11,2,1,0,1,0,1,1,5,TRUE,0.907,for,if
,4,3,2021-11-14T23:37:51,1.2168,2,27,14,4,0,0,2,0,2,1,3,TRUE,0.706,for,if
,4,1,2021-11-11T23:29:26,0.666,2,13,7,0,0,0,0,0,0,1,1,TRUE,0.923,,
,4,2,2021-11-11T23:29:26,0.7939,2,18,9,1,1,0,1,0,1,1,2,TRUE,0.7274,for,if
,4,3,2021-11-11T23:29:26,1.0176,2,21,11,2,2,0,1,0,1,1,2,TRUE,0.652,for,if
,4,1,2021-11-19T20:25:42,0.8232,2,14,7,0,0,0,0,0,0,6,2,TRUE,0.817,,
,4,2,2021-11-19T20:25:42,0.9941,2,21,11,2,2,0,1,0,1,7,3,TRUE,0.785,for,if
,4,3,2021-11-19T20:25:42,1.3496,2,30,15,1,1,0,1,0,1,8,5,TRUE,0.703,for,if
,4,2,2021-11-19T17:39:59,1.2559,3,23,8,3,0,0,1,0,1,2,3,TRUE,0.644,for,if
,4,3,2021-11-19T17:39:59,1.5439,2,29,15,2,1,0,1,0,1,2,3,TRUE,0.678,for,if
,4,1,2021-11-19T17:10:22,0.7266,2,12,6,0,0,0,0,0,0,1,2,TRUE,0.9412,,
,4,2,2021-11-19T17:10:22,1.0859,2,27,14,3,2,0,0,1,1,1,3,TRUE,0.745,while,if
,4,3,2021-11-19T17:10:22,1.4092,2,30,15,4,1,0,1,0,1,1,9,TRUE,0.924,for,if
,4,1,2021-11-16T01:07:15,0.8271,2,15,8,1,0,0,0,0,0,9,2,TRUE,0.764,,if
,4,2,2021-11-16T01:07:15,0.9297,2,21,11,1,1,0,0,1,1,9,0,TRUE,0.9388,while,if
,4,3,2021-11-16T01:07:15,1.6211,2,34,17,4,1,0,0,1,1,9,1,TRUE,0.816,while,if
,4,1,2021-11-11T12:22:48,0.9219,2,16,8,0,0,0,0,0,0,1,5,TRUE,0.991,,
,4,2,2021-11-11T12:22:48,0.9912,2,19,10,1,1,0,1,0,1,1,3,TRUE,0.7124,for,if
,4,3,2021-11-11T12:22:48,1.1221,2,24,12,1,0,0,1,0,1,1,10,TRUE,0.9392,for,if
,4,1,2021-11-16T23:15:40,0.9805,2,25,13,1,1,0,0,1,1,2,3,TRUE,0.781,while,if
,4,2,2021-11-16T23:15:40,1.0801,3,24,8,3,1,0,1,0,1,1,4,TRUE,0.938,for,if
,4,3,2021-11-16T23:15:40,1.1836,2,27,14,1,1,0,1,0,1,2,1,TRUE,0.733,for,if
,4,1,2021-11-12T19:04:09,0.833,2,13,7,0,0,0,0,0,0,1,3,TRUE,0.646,,
,4,2,2021-11-12T19:04:09,0.7969,2,22,11,2,2,0,0,1,1,1,2,TRUE,0.668,while,if
,4,3,2021-11-12T19:04:09,1.0635,2,25,13,2,1,0,1,0,1,1,2,TRUE,0.702,for,if
,4,1,2021-11-19T22:22:48,0.958,2,18,9,1,1,0,1,0,1,1,4,TRUE,0.729,for,if
,4,2,2021-11-19T22:22:48,1.1113,2,26,13,2,2,0,1,0,1,1,5,TRUE,0.643,for,if
,4,3,2021-11-19T22:22:48,1.498,2,31,16,2,1,0,0,1,1,2,10,TRUE,0.639,while,if
,4,1,2021-11-19T22:28:09,0.8486,2,15,8,0,0,0,1,0,1,1,3,TRUE,0.743,for,
,4,2,2021-11-19T22:28:09,1.1572,3,22,8,4,1,0,1,0,1,1,3,TRUE,0.9598,for,if
,4,3,2021-11-19T22:28:09,1.1895,2,22,11,1,0,0,1,0,1,1,9,TRUE,0.751,for,if
,4,1,2021-11-11T05:00:27,0.7295,2,13,7,0,0,0,0,0,0,1,3,TRUE,0.99,,
,4,2,2021-11-11T05:00:27,0.9014,2,23,12,1,1,0,0,1,1,1,3,TRUE,0.713,while,if
,4,3,2021-11-11T05:00:27,1.0752,2,26,13,1,1,0,1,0,1,1,9,TRUE,0.8413,for,if
,4,1,2021-11-19T15:06:48,0.9609,2,14,7,0,0,0,0,0,0,5,2,TRUE,0.8715,,
,4,2,2021-11-19T15:06:48,1.25,2,26,13,3,1,0,1,0,1,4,2,TRUE,0.791,for,if
,4,3,2021-11-19T15:06:48,1.9043,2,32,16,3,2,0,1,0,1,8,2,TRUE,0.6672,for,if
,4,1,2021-11-19T08:44:51,0.7314,2,14,7,0,0,0,0,0,0,1,3,TRUE,0.679,,
,4,2,2021-11-19T08:44:51,0.9658,2,22,11,2,1,0,1,0,1,1,5,TRUE,0.952,for,if
,4,3,2021-11-19T08:44:51,1.2734,2,28,14,1,0,0,1,0,1,1,9,TRUE,0.798,for,if
,4,1,2021-11-19T22:21:54,0.7334,2,22,11,2,2,0,1,0,1,2,4,TRUE,0.921,for,if
,4,3,2021-11-19T22:21:54,1.3936,2,28,14,1,1,0,1,1,2,5,9,TRUE,0.668,both,if
,4,1,2021-11-19T21:45:55,0.7539,2,16,8,0,0,0,0,0,0,1,2,TRUE,0.746,,
,4,2,2021-11-19T21:45:55,1.0254,2,28,14,2,2,0,1,1,2,1,1,TRUE,0.64,both,if
,4,3,2021-11-19T21:45:55,1.209,2,29,15,1,1,0,1,1,2,1,1,TRUE,0.708,both,if
,4,1,2021-11-15T23:14:57,1.0137,2,19,10,1,0,0,1,0,1,1,2,TRUE,0.667,for,if
,4,2,2021-11-15T23:14:57,1.0283,2,23,12,1,1,0,2,0,2,1,3,TRUE,0.648,for,if
,4,3,2021-11-15T23:14:57,1.709,2,40,20,3,1,0,2,0,2,1,3,TRUE,0.7391,for,if
,4,1,2021-11-19T14:51:46,1.4717,2,25,13,1,1,0,1,0,1,10,5,TRUE,0.669,for,if
,4,2,2021-11-19T14:51:46,1.4014,2,22,11,2,2,0,0,1,1,10,2,TRUE,0.812,while,if
,4,3,2021-11-19T14:51:46,1.834,2,21,11,2,1,0,0,1,1,12,2,TRUE,0.8004,while,if
,4,1,2021-11-18T14:19:34,0.8281,2,13,7,0,0,0,0,0,0,3,2,TRUE,0.6639,,
,4,2,2021-11-18T14:19:34,1.1943,2,21,11,2,2,0,1,0,1,4,3,TRUE,0.622,for,if
,4,3,2021-11-18T14:19:34,1.4268,2,24,12,1,1,0,0,1,1,7,0,TRUE,0.6597,while,if
,4,1,2021-11-15T22:45:47,0.8408,2,16,8,0,0,0,0,0,0,1,3,TRUE,0.911,,
,4,2,2021-11-15T22:45:47,1.0186,3,23,8,3,1,0,1,0,1,1,4,TRUE,0.783,for,if
,4,3,2021-11-15T22:45:47,1.2393,2,26,13,1,1,0,1,0,1,1,10,TRUE,0.688,for,if
,4,1,2021-11-18T21:08:54,0.7754,2,13,7,0,0,0,0,0,0,1,2,TRUE,0.769,,
,4,2,2021-11-18T21:08:54,0.96,2,20,10,2,2,0,1,0,1,1,3,TRUE,0.97,for,if
,4,3,2021-11-18T21:08:54,1.2158,2,23,12,1,1,0,1,0,1,1,9,TRUE,0.769,for,if
,4,1,2021-11-20T15:43:52,0.6963,2,12,6,0,0,0,0,0,0,1,2,TRUE,0.92,,
,4,2,2021-11-20T15:43:52,0.8906,2,20,10,2,2,0,1,0,1,1,3,TRUE,0.7874,for,if
,4,3,2021-11-20T15:43:52,1.0859,2,25,13,2,1,0,1,0,1,1,9,TRUE,0.791,for,if
,4,1,2021-11-20T01:12:18,0.6963,1,14,14,1,0,0,0,0,0,1,2,TRUE,0.658,,if
,4,2,2021-11-20T01:12:18,0.7275,1,18,18,2,1,0,1,0,1,1,2,TRUE,0.6421,for,if
,4,3,2021-11-20T01:12:18,1.2754,1,28,28,3,1,0,2,0,2,1,10,TRUE,0.657,for,if
,4,1,2021-11-19T21:04:05,0.7773,2,15,8,0,0,0,0,0,0,1,3,TRUE,0.7,,
,4,2,2021-11-19T21:04:05,0.9531,2,24,12,2,2,0,1,0,1,1,3,TRUE,0.8804,for,if
,4,3,2021-11-19T21:04:05,1.2598,2,28,14,1,1,0,1,0,1,1,10,TRUE,0.7825,for,if
,4,1,2021-11-19T23:13:46,0.7119,2,14,7,0,0,0,0,0,0,1,2,TRUE,0.754,,
,4,2,2021-11-19T23:13:46,0.9219,3,23,8,2,2,0,1,0,1,1,2,TRUE,0.6725,for,if
,4,3,2021-11-19T23:13:46,1.2422,3,24,8,1,1,0,1,0,1,1,2,TRUE,0.805,for,if
,4,1,2021-11-19T18:02:48,0.7852,2,15,8,0,0,0,1,0,1,1,3,TRUE,0.8145,for,
,4,2,2021-11-19T18:02:48,1.1699,2,27,14,2,1,0,2,0,2,1,4,TRUE,0.6571,for,if
,4,3,2021-11-19T18:02:48,1.2891,2,25,13,2,1,0,2,0,2,1,3,TRUE,0.725,for,if
,4,1,2021-11-19T01:46:16,0.8916,2,20,10,1,0,0,1,0,1,1,3,TRUE,0.9691,for,if
,4,2,2021-11-19T01:46:16,0.9453,2,23,12,2,2,0,1,0,1,1,3,TRUE,0.7818,for,if
,4,3,2021-11-19T01:46:16,1.2373,2,28,14,2,0,0,1,0,1,1,10,TRUE,0.9426,for,if
,4,2,2021-11-19T23:57:24,0.8242,2,25,13,2,2,0,1,0,1,1,4,TRUE,0.891,for,if
,4,3,2021-11-19T23:57:24,0.9414,2,20,10,2,1,0,1,0,1,1,9,TRUE,0.7897,for,if
,4,2,2021-11-13T18:05:32,0.9121,2,17,9,0,0,0,1,0,1,1,4,TRUE,0.653,for,
,4,3,2021-11-13T18:05:32,1.1182,2,21,11,2,0,0,1,0,1,1,3,TRUE,0.93,for,if
,4,1,2021-11-19T08:58:03,1.999,22,43,2,21,0,1,0,0,0,1,2,TRUE,0.747,,both
,4,2,2021-11-19T08:58:03,1.2793,3,42,14,3,1,0,0,2,2,1,6,TRUE,0.939,while,if
,4,3,2021-11-19T08:58:03,1.4102,2,38,19,1,1,0,0,1,1,1,3,TRUE,0.7343,while,if
,4,1,2021-11-13T15:38:02,2.373,2,68,34,0,0,1,0,0,0,1,3,TRUE,0.9265,,switch
,4,2,2021-11-13T15:38:02,1.0068,2,24,12,1,1,0,0,1,1,1,1,TRUE,0.748,while,if
,4,3,2021-11-13T15:38:02,1.2812,2,31,16,1,1,0,1,0,1,1,2,TRUE,0.8473,for,if
,4,2,2021-11-19T23:51:50,0.7666,1,14,14,1,1,0,1,0,1,1,3,TRUE,0.6861,for,if
,4,3,2021-11-19T23:51:50,1.001,2,21,11,0,0,0,1,0,1,1,9,TRUE,0.713,for,
,4,1,2021-11-20T23:27:54,0.9209,2,23,12,1,1,0,2,0,2,2,5,TRUE,0.957,for,if
,4,2,2021-11-20T23:27:54,0.7695,2,25,13,2,2,0,0,1,1,1,4,TRUE,0.735,while,if
,4,3,2021-11-20T23:27:54,1.0205,2,31,16,1,1,0,0,1,1,2,9,TRUE,0.656,while,if
,4,3,2021-11-10T23:05:27,1.3711,2,28,14,3,1,0,1,0,1,1,9,TRUE,0.654,for,if
,4,2,2021-11-18T23:09:32,1.0449,2,25,13,3,2,0,1,0,1,1,3,TRUE,0.7102,for,if
,4,3,2021-11-18T23:09:32,1.3193,2,27,14,1,1,0,1,0,1,4,9,TRUE,0.939,for,if
,4,1,2021-11-19T19:33:34,0.7949,2,18,9,1,0,0,1,0,1,1,3,TRUE,0.731,for,if
,4,2,2021-11-19T19:33:34,0.9512,2,23,12,2,2,0,1,0,1,1,3,TRUE,0.908,for,if
,4,3,2021-11-19T19:33:34,1.168,2,27,14,1,1,0,0,1,1,1,2,TRUE,0.7216,while,if
,4,1,2021-11-19T15:06:13,0.6631,2,15,8,1,0,0,0,0,0,2,2,TRUE,0.9075,,if
,4,2,2021-11-19T15:06:13,0.8555,2,21,11,2,2,0,1,0,1,2,4,TRUE,0.771,for,if
,4,3,2021-11-19T15:06:13,1.2236,2,28,14,1,1,0,1,0,1,2,1,TRUE,0.7934,for,if
,4,1,2021-11-20T23:34:05,2.0186,2,65,33,0,0,1,0,0,0,1,1,TRUE,1.0035,,switch
,4,2,2021-11-20T23:34:05,0.957,2,22,11,2,1,0,1,0,1,1,4,TRUE,0.6989,for,if
,4,3,2021-11-20T23:34:05,1.2754,2,27,14,1,0,0,1,0,1,1,9,TRUE,0.9385,for,if
,4,1,2021-11-19T23:32:52,0.7285,2,13,7,0,0,0,0,0,0,1,3,TRUE,0.706,,
,4,1,2021-11-19T23:07:00,0.7539,2,26,13,1,1,0,1,0,1,0,4,TRUE,0.974,for,if
,4,2,2021-11-19T23:07:00,0.708,2,20,10,2,2,0,0,1,1,0,2,TRUE,0.735,while,if
,4,3,2021-11-19T23:07:00,0.9834,2,29,15,1,1,0,0,1,1,0,1,TRUE,0.99,while,if
,4,1,2021-11-19T13:58:03,0.8057,2,15,8,0,0,0,1,0,1,1,3,TRUE,0.8441,for,
,4,2,2021-11-19T13:58:03,0.8652,2,19,10,2,2,0,1,0,1,1,3,TRUE,0.833,for,if
,4,3,2021-11-19T13:58:03,1.2256,2,23,12,2,1,0,1,0,1,1,9,TRUE,0.7805,for,if
,4,1,2021-11-19T22:35:22,1.0078,2,19,10,1,0,0,0,1,1,1,3,TRUE,0.815,while,if
,4,2,2021-11-19T22:35:22,0.9824,2,25,13,2,1,0,0,1,1,1,4,TRUE,0.6504,while,if
,4,3,2021-11-19T22:35:22,1.2002,2,26,13,1,0,0,0,1,1,1,10,TRUE,0.684,while,if
,4,1,2021-11-19T21:12:14,0.8975,2,14,7,0,0,0,0,0,0,3,2,TRUE,0.695,,
,4,2,2021-11-19T21:12:14,1.0537,2,22,11,1,1,0,1,0,1,3,3,TRUE,0.65,for,if
,4,3,2021-11-19T21:12:14,1.4707,2,28,14,2,1,0,1,0,1,3,9,TRUE,0.6545,for,if
,4,1,2021-11-11T13:02:17,0.8096,2,15,8,0,0,0,0,0,0,1,2,TRUE,0.6771,,
,4,2,2021-11-11T13:02:17,1.0752,2,23,12,3,1,0,1,0,1,1,3,TRUE,0.624,for,if
,4,3,2021-11-11T13:02:17,1.2324,2,25,13,1,1,0,1,0,1,1,9,TRUE,0.643,for,if
,4,1,2021-11-13T20:12:01,0.7861,2,14,7,0,0,0,0,0,0,1,2,TRUE,0.7401,,
,4,2,2021-11-13T20:12:01,1.0215,2,23,12,3,1,0,1,0,1,1,3,TRUE,0.6906,for,if
,4,3,2021-11-13T20:12:01,1.6064,2,32,16,4,1,0,1,0,1,2,2,TRUE,0.672,for,if
,4,2,2021-11-16T17:40:55,0.999,2,22,11,2,1,0,1,0,1,1,5,TRUE,0.779,for,if
,4,1,2021-11-16T17:40:55,0.8047,2,17,9,1,0,0,0,0,0,1,3,TRUE,0.6661,,if
,4,3,2021-11-16T17:40:55,1.2334,2,26,13,1,1,0,1,0,1,1,9,TRUE,0.658,for,if
,4,1,2021-11-19T14:58:53,0.791,2,13,7,0,0,0,0,0,0,1,2,TRUE,0.656,,
,4,2,2021-11-19T14:58:53,0.999,2,23,12,2,2,0,1,0,1,1,4,TRUE,0.791,for,if
,4,3,2021-11-19T14:58:53,1.3115,3,27,9,2,0,0,1,0,1,1,10,TRUE,0.9651,for,if
,4,1,2021-11-19T11:31:50,0.8281,2,18,9,0,0,0,0,1,1,1,5,TRUE,0.735,while,
,4,2,2021-11-19T11:31:50,1.0146,3,25,9,3,1,0,0,1,1,1,4,TRUE,0.6576,while,if
,4,3,2021-11-19T11:31:50,1.1729,2,25,13,1,1,0,1,0,1,1,2,TRUE,0.703,for,if
,4,1,2021-11-19T23:26:43,0.8486,2,17,9,1,0,0,1,0,1,1,3,TRUE,0.7471,for,if
,4,2,2021-11-19T23:26:43,1.1025,3,22,8,3,1,0,1,0,1,1,4,TRUE,0.7427,for,if
,4,3,2021-11-19T23:26:43,1.4277,2,26,13,2,1,0,0,1,1,1,9,TRUE,0.647,while,if
,4,1,2021-11-19T22:45:55,0.6641,2,12,6,0,0,0,0,0,0,1,2,TRUE,0.656,,
,4,2,2021-11-19T22:45:55,0.9834,2,25,13,2,1,0,2,0,2,1,4,TRUE,0.747,for,if
,4,3,2021-11-19T22:45:55,1.3184,2,32,16,2,2,0,2,0,2,1,10,TRUE,0.9411,for,if
,4,1,2021-11-18T21:51:03,0.8896,2,15,8,0,0,0,0,0,0,3,3,TRUE,0.753,,
,4,2,2021-11-18T21:51:03,1.0498,2,22,11,2,2,0,0,1,1,3,3,TRUE,0.6538,while,if
,4,3,2021-11-18T21:51:03,1.5264,2,34,17,2,2,0,1,0,1,3,9,TRUE,0.671,for,if
,4,1,2021-11-19T17:10:51,1.0771,2,23,12,1,0,0,1,0,1,1,6,TRUE,0.8565,for,if
,4,2,2021-11-19T17:10:51,1.0195,2,22,11,1,1,0,1,0,1,1,5,TRUE,0.781,for,if
,4,3,2021-11-19T17:10:51,1.2803,2,25,13,1,1,0,1,0,1,1,9,TRUE,0.7783,for,if
,4,1,2021-11-19T00:04:51,0.7803,2,16,8,0,0,0,0,0,0,1,2,TRUE,0.924,,
,4,2,2021-11-19T00:04:51,0.9834,2,23,12,2,1,0,1,0,1,1,5,TRUE,0.794,for,if
,4,3,2021-11-19T00:04:51,1.2031,2,27,14,1,1,0,1,0,1,1,2,TRUE,0.6693,for,if
,4,1,2021-11-19T23:05:58,0.7568,2,14,7,0,0,0,0,0,0,1,3,TRUE,0.844,,
,4,2,2021-11-19T23:05:58,1.0449,2,23,12,2,2,0,1,0,1,1,5,TRUE,0.783,for,if
,4,1,2021-11-19T21:54:49,0.5732,2,14,7,0,0,0,0,0,0,1,2,TRUE,0.7511,,
,4,2,2021-11-19T21:54:49,0.8916,2,31,16,2,2,0,1,0,1,1,4,TRUE,0.654,for,if
,4,3,2021-11-19T21:54:49,1.0908,2,27,14,1,1,0,2,0,2,1,4,TRUE,0.6601,for,if
,4,1,2021-11-11T17:02:07,0.8838,2,15,8,0,0,0,0,0,0,1,5,TRUE,0.7062,,
,4,2,2021-11-11T17:02:07,0.9141,2,21,11,2,2,0,1,0,1,1,3,TRUE,0.693,for,if
,4,3,2021-11-11T17:02:07,1.0137,2,19,10,1,1,0,1,0,1,1,4,TRUE,0.6674,for,if
,4,1,2021-11-19T23:58:30,0.8018,2,13,7,0,0,0,0,0,0,1,4,TRUE,0.652,,
,4,2,2021-11-19T23:58:30,0.9336,2,16,8,2,2,0,1,0,1,1,3,TRUE,0.6572,for,if
,4,3,2021-11-19T23:58:30,1.374,2,33,17,2,1,0,1,0,1,1,9,TRUE,0.691,for,if
,4,1,2021-11-19T22:12:37,1.1846,2,16,8,1,0,0,1,0,1,9,3,TRUE,0.89,for,if
,4,2,2021-11-19T22:12:37,1.2852,2,20,10,2,1,0,1,0,1,9,3,TRUE,0.7331,for,if
,4,3,2021-11-19T22:12:37,1.7197,2,25,13,1,1,0,1,0,1,8,10,TRUE,0.9593,for,if
,4,1,2021-11-19T15:49:58,0.7715,2,16,8,0,0,0,1,0,1,1,3,TRUE,0.7388,for,
,4,2,2021-11-19T15:49:58,1.0303,2,24,12,1,1,0,1,1,2,1,4,TRUE,0.9448,both,if
,4,3,2021-11-19T15:49:58,1.1973,2,27,14,1,1,0,1,0,1,1,1,TRUE,0.734,for,if
,4,1,2021-11-20T00:19:46,0.7305,2,13,7,0,0,0,0,0,0,1,3,TRUE,0.6506,,
,4,2,2021-11-20T00:19:46,0.9219,2,21,11,2,2,0,1,0,1,1,3,TRUE,0.6631,for,if
,4,3,2021-11-20T00:19:46,1.2207,2,23,12,1,1,0,1,0,1,1,9,TRUE,0.6721,for,if
,4,1,2021-11-19T22:04:05,0.9727,3,17,6,2,0,0,0,0,0,1,1,TRUE,0.6411,,if
,4,2,2021-11-19T22:04:05,0.9326,2,18,9,1,1,0,1,0,1,1,3,TRUE,0.653,for,if
,4,3,2021-11-19T22:04:05,1.2266,2,24,12,1,1,0,1,0,1,1,2,TRUE,0.87,for,if
,4,1,2021-11-19T20:53:26,1.2998,2,32,16,2,0,0,3,0,3,1,5,TRUE,0.7261,for,if
,4,2,2021-11-19T20:53:26,0.7598,2,21,11,1,1,0,1,0,1,1,3,TRUE,0.9263,for,if
,4,3,2021-11-19T20:53:26,1.4951,2,33,17,4,1,0,1,0,1,1,9,TRUE,0.751,for,if
,4,1,2021-11-19T14:13:21,0.8779,2,21,11,1,0,0,1,0,1,1,5,TRUE,0.6504,for,if
,4,2,2021-11-19T14:13:21,1.0459,2,26,13,3,2,0,1,0,1,1,4,TRUE,0.657,for,if
,4,3,2021-11-19T14:13:21,1.333,2,31,16,2,1,0,1,0,1,1,9,TRUE,0.817,for,if
,4,2,2021-11-19T19:34:14,0.6807,1,14,14,1,1,0,1,0,1,2,3,TRUE,0.7239,for,if
,4,3,2021-11-19T19:34:14,1.2041,2,29,15,3,0,0,0,1,1,2,10,TRUE,0.946,while,if
,4,1,2021-11-19T21:31:07,1.627,2,28,14,1,0,0,1,0,1,1,2,TRUE,0.7705,for,if
,4,2,2021-11-19T21:31:07,1.0361,2,23,12,2,2,0,1,0,1,1,4,TRUE,0.6401,for,if
,4,3,2021-11-19T21:31:07,1.2236,5,27,6,4,1,0,1,0,1,1,2,TRUE,0.655,for,if
,4,1,2021-11-19T20:23:11,0.9062,2,21,11,1,0,0,0,1,1,1,3,TRUE,0.736,while,if
,4,2,2021-11-19T20:23:11,0.999,2,25,13,2,2,0,0,1,1,1,3,TRUE,0.7085,while,if
,4,3,2021-11-19T20:23:11,1.293,2,23,12,1,1,0,0,1,1,1,2,TRUE,0.672,while,if
,4,1,2021-11-19T17:18:11,0.7422,2,12,6,0,0,0,0,0,0,1,1,TRUE,0.655,,
,4,2,2021-11-19T17:18:11,0.8662,2,15,8,0,0,0,1,0,1,1,3,TRUE,0.7331,for,
,4,3,2021-11-19T17:18:11,1.2646,2,23,12,1,1,0,2,0,2,1,3,TRUE,0.763,for,if
,4,1,2021-11-14T13:26:13,1.0674,2,18,9,1,0,0,1,0,1,3,3,TRUE,0.682,for,if
,4,2,2021-11-14T13:26:13,1.0078,2,23,12,2,1,0,1,0,1,1,5,TRUE,0.6566,for,if
,4,3,2021-11-14T13:26:13,1.6191,2,32,16,3,2,0,1,0,1,3,9,TRUE,0.6556,for,if
,4,1,2021-11-09T20:16:37,0.8008,2,13,7,0,0,0,0,0,0,1,1,TRUE,0.6536,,
,4,2,2021-11-09T20:16:37,0.9248,2,18,9,1,1,0,1,0,1,1,3,TRUE,0.822,for,if
,4,3,2021-11-09T20:16:37,1.248,2,23,12,1,1,0,1,0,1,1,9,TRUE,0.937,for,if
,4,1,2021-11-19T17:32:04,0.6982,2,12,6,0,0,0,0,0,0,1,2,TRUE,0.7384,,
,4,2,2021-11-19T17:32:04,0.9531,2,22,11,2,2,0,1,0,1,1,3,TRUE,0.9205,for,if
,4,3,2021-11-19T17:32:04,1.2109,2,24,12,1,1,0,1,0,1,2,9,TRUE,0.744,for,if
,4,1,2021-11-13T19:31:45,0.7217,2,14,7,0,0,0,0,0,0,1,3,TRUE,0.7987,,
,4,2,2021-11-13T19:31:45,0.8682,2,22,11,1,1,0,1,0,1,1,3,TRUE,0.7955,for,if
,4,3,2021-11-13T19:31:45,1.0811,2,28,14,1,1,0,0,1,1,1,8,TRUE,0.67,while,if
,4,1,2021-11-19T15:02:16,0.9941,2,22,11,1,0,0,0,1,1,1,2,TRUE,0.6512,while,if
,4,2,2021-11-19T15:02:16,0.8926,2,23,12,2,2,0,0,1,1,2,0,TRUE,0.642,while,if
,4,3,2021-11-19T15:02:16,0.9727,2,27,14,1,1,0,0,1,1,1,2,TRUE,0.641,while,if
,4,1,2021-11-19T22:38:06,0.8174,2,16,8,0,0,0,0,0,0,1,5,FALSE,0,,
,4,2,2021-11-19T22:38:06,0.8535,2,23,12,2,2,0,1,0,1,1,4,TRUE,0.8091,for,if
,4,3,2021-11-19T22:38:06,1.2402,2,26,13,2,1,0,1,0,1,1,9,TRUE,0.74,for,if
,4,1,2021-11-15T00:56:15,0.9326,2,19,10,1,0,0,1,0,1,1,6,TRUE,0.6761,for,if
,4,2,2021-11-15T00:56:15,1.0127,2,25,13,3,2,0,1,0,1,1,3,TRUE,0.673,for,if
,4,3,2021-11-15T00:56:15,1.3828,2,35,18,2,2,0,1,0,1,1,10,TRUE,0.64,for,if
,4,1,2021-11-18T14:16:57,2.6895,2,92,46,26,0,0,0,0,0,4,2,TRUE,0.852,,if
,4,2,2021-11-18T14:16:57,1.2598,2,28,14,3,2,0,1,0,1,5,3,TRUE,0.7615,for,if
,4,3,2021-11-18T14:16:57,1.5254,2,29,15,3,1,0,1,0,1,4,9,TRUE,0.7412,for,if
,4,1,2021-11-19T21:47:09,0.9648,2,18,9,0,0,0,0,0,0,1,5,FALSE,0,,
,4,2,2021-11-19T21:47:09,0.6982,1,18,18,1,1,0,1,0,1,1,3,TRUE,0.938,for,if
,4,3,2021-11-19T21:47:09,1.0947,2,27,14,2,0,0,2,0,2,1,3,TRUE,0.7554,for,if
,4,1,2021-11-19T18:58:26,0.5713,2,14,7,0,0,0,0,0,0,1,3,TRUE,0.6373,,
,4,2,2021-11-19T18:58:26,0.8145,2,21,11,2,2,0,1,0,1,1,4,TRUE,0.6545,for,if
,4,3,2021-11-19T18:58:26,1.1191,2,25,13,1,1,0,1,0,1,1,9,TRUE,0.6391,for,if
,4,2,2021-11-15T02:23:56,0.958,2,18,9,2,2,0,1,0,1,2,3,TRUE,0.9391,for,if
,4,3,2021-11-15T02:23:56,1.165,2,22,11,1,1,0,0,1,1,1,9,TRUE,0.7331,while,if
,4,1,2021-11-19T22:06:29,0.8584,2,18,9,1,0,0,0,1,1,1,2,TRUE,0.905,while,if
,4,2,2021-11-19T22:06:29,1.3711,2,38,19,4,4,0,0,1,1,1,3,TRUE,0.8,while,if
,4,3,2021-11-19T22:06:29,1.2793,2,29,15,1,1,0,0,1,1,1,10,TRUE,0.955,while,if
,4,1,2021-11-18T21:00:15,0.7168,2,14,7,0,0,0,0,0,0,1,3,TRUE,0.7589,,
,4,2,2021-11-18T21:00:15,1.0039,2,25,13,2,1,0,0,1,1,1,3,TRUE,0.8235,while,if
,4,3,2021-11-18T21:00:15,1.2363,2,30,15,1,0,0,0,1,1,1,9,TRUE,0.8403,while,if
